PRAGMA foreign_keys=OFF;
BEGIN TRANSACTION;
CREATE TABLE IF NOT EXISTS "BreedingRecord" (
    "id" TEXT NOT NULL PRIMARY KEY,
    "crossId" TEXT NOT NULL,
    "crossDate" DATETIME NOT NULL,
    "femalePlantId" TEXT NOT NULL,
    "malePlantId" TEXT NOT NULL,
    "crossType" TEXT NOT NULL,
    "pollinationMethod" TEXT,
    "seedsProduced" INTEGER,
    "germinationRate" REAL,
    "seedlingCount" INTEGER,
    "f1PlantsRaised" INTEGER,
    "selectionCriteria" TEXT NOT NULL DEFAULT '[]',
    "selectedPlants" TEXT NOT NULL DEFAULT '[]',
    "notes" TEXT,
    "photos" TEXT NOT NULL DEFAULT '[]',
    "createdAt" DATETIME NOT NULL DEFAULT CURRENT_TIMESTAMP,
    "updatedAt" DATETIME NOT NULL,
    CONSTRAINT "BreedingRecord_femalePlantId_fkey" FOREIGN KEY ("femalePlantId") REFERENCES "Plant" ("id") ON DELETE RESTRICT ON UPDATE CASCADE,
    CONSTRAINT "BreedingRecord_malePlantId_fkey" FOREIGN KEY ("malePlantId") REFERENCES "Plant" ("id") ON DELETE RESTRICT ON UPDATE CASCADE
);
CREATE TABLE IF NOT EXISTS "Treatment" (
    "id" TEXT NOT NULL PRIMARY KEY,
    "name" TEXT NOT NULL,
    "type" TEXT NOT NULL,
    "brand" TEXT,
    "composition" TEXT,
    "applicationRate" TEXT,
    "frequency" TEXT,
    "notes" TEXT,
    "createdAt" DATETIME NOT NULL DEFAULT CURRENT_TIMESTAMP,
    "updatedAt" DATETIME NOT NULL
);
CREATE TABLE IF NOT EXISTS "Vendor" (
    "id" TEXT NOT NULL PRIMARY KEY,
    "name" TEXT NOT NULL,
    "type" TEXT NOT NULL,
    "location" TEXT,
    "country" TEXT,
    "reputationScore" REAL,
    "specialties" TEXT NOT NULL DEFAULT '[]',
    "contactInfo" TEXT,
    "website" TEXT,
    "instagram" TEXT,
    "notes" TEXT,
    "createdAt" DATETIME NOT NULL DEFAULT CURRENT_TIMESTAMP,
    "updatedAt" DATETIME NOT NULL
);
INSERT INTO Vendor VALUES('cmgsezki30000gw74cf6l7wi7','Tezula','Grower',NULL,NULL,8.0,'[]',NULL,NULL,NULL,NULL,1760558354571,1760558354571);
INSERT INTO Vendor VALUES('cmgsezki50001gw74zqw0y3hl','Fontanimal','Grower',NULL,NULL,8.0,'[]',NULL,NULL,NULL,NULL,1760558354573,1760558354573);
INSERT INTO Vendor VALUES('cmgsezki60002gw74emj8fhtl','Wuhoo Tropicals','Grower',NULL,NULL,8.0,'[]',NULL,NULL,NULL,NULL,1760558354575,1760558354575);
INSERT INTO Vendor VALUES('cmgsezki70003gw746q8ouev6','NSE','Grower',NULL,NULL,8.0,'[]',NULL,NULL,NULL,NULL,1760558354576,1760558354576);
INSERT INTO Vendor VALUES('cmgsezki80004gw74b8c7814f','Dandi','Grower',NULL,NULL,8.0,'[]',NULL,NULL,NULL,NULL,1760558354576,1760558354576);
INSERT INTO Vendor VALUES('cmgsezki80005gw746sbx4y4y','Sunset Plants','Grower',NULL,NULL,8.0,'[]',NULL,NULL,NULL,NULL,1760558354577,1760558354577);
INSERT INTO Vendor VALUES('cmgsezki90006gw74y7yvnc7q','Auroras Garden Supply','Grower',NULL,NULL,8.0,'[]',NULL,NULL,NULL,NULL,1760558354577,1760558354577);
INSERT INTO Vendor VALUES('cmgsezkia0007gw745p4splyj','RareNakedPlants','Grower',NULL,NULL,8.0,'[]',NULL,NULL,NULL,NULL,1760558354578,1760558354578);
INSERT INTO Vendor VALUES('cmgsezkia0008gw74dsa2rem9','USAmazonPlants','Grower',NULL,NULL,8.0,'[]',NULL,NULL,NULL,NULL,1760558354579,1760558354579);
INSERT INTO Vendor VALUES('cmgsezkib0009gw74j974w113','Doc Block','Grower',NULL,NULL,8.0,'[]',NULL,NULL,NULL,NULL,1760558354579,1760558354579);
INSERT INTO Vendor VALUES('cmgsezkib000agw743nix9r5e','SKG','Grower',NULL,NULL,8.0,'[]',NULL,NULL,NULL,NULL,1760558354580,1760558354580);
INSERT INTO Vendor VALUES('cmgsezkic000bgw74ay2k6trp','Scott Cohen','Elite Breeder/Collector','USA',NULL,10.0,'["Rare species","King of Spades","Carlablackiae"]','',NULL,NULL,'Top-tier genetics, conservation focus',1760558354580,1760558354580);
INSERT INTO Vendor VALUES('cmgsezkid000cgw74yimq02ai','Eddie Pronto (EPP)','Elite Breeder','USA',NULL,10.0,'["Variegated selections","premium hybrids"]','',NULL,NULL,'EPP branded genetics, variegated specialist',1760558354581,1760558354581);
CREATE TABLE IF NOT EXISTS "Purchase" (
    "id" TEXT NOT NULL PRIMARY KEY,
    "vendorId" TEXT NOT NULL,
    "purchaseDate" DATETIME NOT NULL,
    "totalCost" REAL NOT NULL,
    "plantCount" INTEGER NOT NULL,
    "invoiceNumber" TEXT,
    "trackingNumber" TEXT,
    "plantIds" TEXT NOT NULL DEFAULT '[]',
    "notes" TEXT,
    "createdAt" DATETIME NOT NULL DEFAULT CURRENT_TIMESTAMP,
    CONSTRAINT "Purchase_vendorId_fkey" FOREIGN KEY ("vendorId") REFERENCES "Vendor" ("id") ON DELETE RESTRICT ON UPDATE CASCADE
);
CREATE TABLE IF NOT EXISTS "Location" (
    "id" TEXT NOT NULL PRIMARY KEY,
    "name" TEXT NOT NULL,
    "type" TEXT NOT NULL,
    "zone" TEXT,
    "shelf" TEXT,
    "position" TEXT,
    "lightLevel" TEXT,
    "humidity" REAL,
    "temperature" REAL,
    "capacity" INTEGER,
    "currentOccupancy" INTEGER NOT NULL DEFAULT 0,
    "notes" TEXT,
    "createdAt" DATETIME NOT NULL DEFAULT CURRENT_TIMESTAMP,
    "updatedAt" DATETIME NOT NULL
, "airflow" TEXT, "co2" REAL, "dli" REAL, "fanSpeed" TEXT, "growLights" TEXT, "photoperiod" TEXT, "pressure" REAL, "vpd" REAL);
INSERT INTO Location VALUES('cmgsezkid000dgw74i8jmw464','Grow Center 1 (loft)','indoor','GC1','','','medium',52.0,23.0,NULL,-48,'',1760558354582,1761584120245,'medium',NULL,NULL,'50%','Barinna T8','12/12',NULL,1.300000000000000044);
INSERT INTO Location VALUES('cmgsezkie000egw74p7t5bodw','Balcony','outdoor','B1','','','high',77.0,27.0,NULL,19,'',1760558354582,1761598111757,'high',NULL,NULL,'','','13/11',1016.5,NULL);
INSERT INTO Location VALUES('cmgsezkie000fgw74fii6io1e','Grow Tent 1','tent','T1','','','high',83.0,23.0,NULL,17,'',1760558354583,1762271774221,'automated',NULL,NULL,'','','13',NULL,0.2999999999999999889);
INSERT INTO Location VALUES('cmgsezkie000ggw74ycg57u0y','Grow Center 2 (main floor)','indoor','GC2','','','low',55.0,23.0,NULL,6,'',1760558354583,1761001631546,'low',NULL,NULL,'','','10/14',NULL,NULL);
INSERT INTO Location VALUES('cmgwiaivs00014n5mq0oj6tq9','Ambient Display','indoor','A1','','','medium',50.0,23.0,NULL,10,'',1760805769240,1761052274562,'low',NULL,NULL,'30%','10w Barrina goosenecks','12/12',NULL,NULL);
CREATE TABLE IF NOT EXISTS "Species" (
    "id" TEXT NOT NULL PRIMARY KEY,
    "genus" TEXT NOT NULL,
    "species" TEXT NOT NULL,
    "section" TEXT,
    "commonNames" TEXT NOT NULL DEFAULT '[]',
    "nativeRange" TEXT,
    "conservationStatus" TEXT,
    "citesListing" TEXT,
    "keyTraits" TEXT NOT NULL DEFAULT '[]',
    "description" TEXT,
    "createdAt" DATETIME NOT NULL DEFAULT CURRENT_TIMESTAMP,
    "updatedAt" DATETIME NOT NULL
);
INSERT INTO Species VALUES('cmgsezkif000hgw7413mlkjg1','Anthurium','crystallinum','Cardiolonchium','[]','Colombia, Panama','Least Concern',NULL,'["Crystalline veination","Silver"]',NULL,1760558354584,1760558354584);
INSERT INTO Species VALUES('cmgsezkig000igw74xnhu7bwp','Anthurium','magnificum','Cardiolonchium','[]','Colombia','Vulnerable',NULL,'["Large velvety leaves"]',NULL,1760558354584,1760558354584);
INSERT INTO Species VALUES('cmgsezkig000jgw74tffrjtyo','Anthurium','warocqueanum','Pachyneurium','[]','Colombia','Endangered',NULL,'["Long pendant leaves"]',NULL,1760558354585,1760558354585);
INSERT INTO Species VALUES('cmgsezkih000kgw749jxgms96','Anthurium','veitchii','Calomystrium','[]','Ecuador, Peru','Vulnerable',NULL,'["Corrugated leaves"]',NULL,1760558354585,1760558354585);
INSERT INTO Species VALUES('cmgsezkih000lgw7454s3uz6z','Anthurium','regale','Calomystrium','[]','Ecuador, Peru','Endangered',NULL,'["Giant veined leaves"]',NULL,1760558354585,1760558354585);
INSERT INTO Species VALUES('cmgsezkih000mgw7469993map','Anthurium','papillilaminum','Cardiolonchium','[]','Panama','Data Deficient',NULL,'["Papillate surface"]',NULL,1760558354586,1760558354586);
INSERT INTO Species VALUES('cmgsezkii000ngw74cajdfefg','Anthurium','carlablackiae','Xialophyllum','[]','Colombia','Critically Endangered',NULL,'["Black spathe","Large"]',NULL,1760558354586,1760558354586);
INSERT INTO Species VALUES('cmgsezkii000ogw74o5vauybh','Anthurium','dressleri','Porphyrochitonium','[]','Costa Rica, Panama','Vulnerable',NULL,'["Thick coriaceous"]',NULL,1760558354587,1760558354587);
INSERT INTO Species VALUES('cmgsezkij000pgw74k4jw4oin','Anthurium','luxurians','Xialophyllium','[]','Ecuador','Near Threatened',NULL,'["Small bird nest form"]',NULL,1760558354587,1760558354587);
INSERT INTO Species VALUES('cmgsezkij000qgw74g6gsa8rw','Anthurium','besseae','Cardiolonchium','[]','Ecuador','Data Deficient',NULL,'["Orange-red berries"]',NULL,1760558354588,1760558354588);
INSERT INTO Species VALUES('cmgsezkij000rgw745ellukis','Anthurium','forgetii','Cardiolonchium','[]','Colombia','Least Concern',NULL,'["Round leaves","Small"]',NULL,1760558354588,1760558354588);
INSERT INTO Species VALUES('cmgsezkik000sgw74i10j0prp','Anthurium','vittarifolium','Xialophyllium','[]','Costa Rica to Colombia','Least Concern',NULL,'["Strap leaves"]',NULL,1760558354589,1760558354589);
INSERT INTO Species VALUES('cmgsezkil000tgw74n9fensjg','Anthurium','pallidiflorum','Porphyrochitonium','[]','Ecuador, Peru','Least Concern',NULL,'["Strap leaves","Pendant"]',NULL,1760558354589,1760558354589);
INSERT INTO Species VALUES('cmgsezkil000ugw7435qxcfyp','Anthurium','wendlingeri','Porphyrochitonium','[]','Costa Rica to Ecuador','Data Deficient',NULL,'["Corkscrew spadix"]',NULL,1760558354590,1760558354590);
INSERT INTO Species VALUES('cmgsezkil000vgw744qcg971r','Anthurium','radicans','Porphyrochitonium','[]','Mexico to Nicaragua','Least Concern',NULL,'["Bird nest form"]',NULL,1760558354590,1760558354590);
CREATE TABLE IF NOT EXISTS "Plant" (
    "id" TEXT NOT NULL PRIMARY KEY,
    "plantId" TEXT NOT NULL,
    "accessionDate" DATETIME NOT NULL DEFAULT CURRENT_TIMESTAMP,
    "genus" TEXT NOT NULL DEFAULT 'Anthurium',
    "section" TEXT,
    "species" TEXT,
    "hybridName" TEXT,
    "crossNotation" TEXT,
    "femaleParentId" TEXT,
    "maleParentId" TEXT,
    "generation" TEXT,
    "breeder" TEXT,
    "breederCode" TEXT,
    "vendorId" TEXT,
    "acquisitionCost" REAL,
    "propagationType" TEXT,
    "locationId" TEXT,
    "healthStatus" TEXT NOT NULL DEFAULT 'healthy',
    "conservationStatus" TEXT,
    "marketValue" REAL,
    "isForSale" BOOLEAN NOT NULL DEFAULT false,
    "isMother" BOOLEAN NOT NULL DEFAULT false,
    "isEliteGenetics" BOOLEAN NOT NULL DEFAULT false,
    "notes" TEXT,
    "tags" TEXT NOT NULL DEFAULT '[]',
    "createdAt" DATETIME NOT NULL DEFAULT CURRENT_TIMESTAMP,
    "updatedAt" DATETIME NOT NULL, "currentPotSize" REAL, "currentPotType" TEXT, "lastRepotDate" DATETIME,
    CONSTRAINT "Plant_femaleParentId_fkey" FOREIGN KEY ("femaleParentId") REFERENCES "Plant" ("id") ON DELETE SET NULL ON UPDATE CASCADE,
    CONSTRAINT "Plant_maleParentId_fkey" FOREIGN KEY ("maleParentId") REFERENCES "Plant" ("id") ON DELETE SET NULL ON UPDATE CASCADE,
    CONSTRAINT "Plant_vendorId_fkey" FOREIGN KEY ("vendorId") REFERENCES "Vendor" ("id") ON DELETE SET NULL ON UPDATE CASCADE,
    CONSTRAINT "Plant_locationId_fkey" FOREIGN KEY ("locationId") REFERENCES "Location" ("id") ON DELETE SET NULL ON UPDATE CASCADE
);
INSERT INTO Plant VALUES('cmgsezkin000xgw74jhgpsbkx','ANT-2025-0001',1759017600000,'Anthurium','','unknown','Ace Of Spades (Dark Form)','Tezula AOS Dark Form',NULL,NULL,'F1',NULL,'TZ','cmgsezki30000gw74cf6l7wi7',400.0,'seed','cmgsezkie000fgw74fii6io1e','healthy',NULL,NULL,0,0,1,'{"generalNotes":"‘Dark form’ purchase IAS 2025 from Tezula most pillowy of the selection. ","soilMix":"","lightRequirements":"","wateringFrequency":"","fertilizationSchedule":"","temperatureRange":"","humidityPreference":""}','[]',1760558354591,1762012265724,NULL,NULL,NULL);
INSERT INTO Plant VALUES('cmgsezkin000zgw74xmwy9v5q','ANT-2025-0002',1754006400000,'Anthurium','Cardiolonchium','hybrid ','Batch 22','Bench × Bench',NULL,NULL,'F1','Fontanimal',NULL,'cmgsezki50001gw74zqw0y3hl',72.0,'seed','cmgsezkid000dgw74i8jmw464','healthy',NULL,NULL,0,0,0,NULL,'[]',1760558354592,1760889660964,NULL,NULL,NULL);
INSERT INTO Plant VALUES('cmgsezkio0011gw742moi2gqy','ANT-2025-0003',1760486400000,'Anthurium','','Besseae aff','Besseae aff','Besseae aff × Besseae aff (self)',NULL,NULL,'F1',NULL,'Wu','cmgsezki60002gw74emj8fhtl',64.0,'Seed','cmgsezkie000fgw74fii6io1e','healthy',NULL,NULL,0,0,0,NULL,'[]',1760558354592,1760979859316,NULL,NULL,NULL);
INSERT INTO Plant VALUES('cmgsezkip0013gw74wh66x8oc','ANT-2025-0004',1734220800000,'Anthurium','','Besseae aff x AOS','Besseae aff x AOS','Besseae aff × Ace of Spades',NULL,NULL,'F1','NSE Tropicals','NSE','cmgsezki70003gw746q8ouev6',161.0,'seed','cmgsezkid000dgw74i8jmw464','healthy',NULL,NULL,0,0,0,NULL,'[]',1760558354593,1760805868598,NULL,NULL,NULL);
INSERT INTO Plant VALUES('cmgsezkip0015gw7469zox65i','ANT-2025-0005',1734220800000,'Anthurium','','Birds Nest','Renaissance','',NULL,NULL,'F1',NULL,NULL,'cmgsezki80004gw74b8c7814f',27.0,'tissue_culture','cmgwiaivs00014n5mq0oj6tq9','healthy',NULL,NULL,0,0,0,NULL,'[]',1760558354594,1761000160058,NULL,NULL,NULL);
INSERT INTO Plant VALUES('cmgsezkiq0017gw741cm7c6qx','ANT-2025-0006',1760486400000,'Anthurium','','Crystallinum x Magnificum ','Brielle','',NULL,NULL,'F1','Sunset tropicals',NULL,'cmgsezki80005gw746sbx4y4y',98.0,'division','cmgsezkie000egw74p7t5bodw','healthy',NULL,NULL,0,0,0,NULL,'[]',1760558354594,1760889736863,NULL,NULL,NULL);
INSERT INTO Plant VALUES('cmgsezkiq0019gw74uslqjgtm','ANT-2025-0007',1759795200000,'Anthurium','','BVEP/Antolakii (F4)','BVEP/Antolakii (F4)','Antolakii × Self',NULL,NULL,'F4','Tezula','TZ','cmgsezki30000gw74cf6l7wi7',400.0,'seed','cmgsezkie000egw74p7t5bodw','healthy',NULL,NULL,0,0,0,NULL,'[]',1760558354595,1760979935513,NULL,NULL,NULL);
INSERT INTO Plant VALUES('cmgsezkis001fgw74ccl5m7cs','ANT-2025-0010',1760486400000,'Anthurium','','Chocolate crystal Dark Lux','Chocolate crystal Dark Lux','Crystallinum (Chocolate wu1) × Luxurians (Dark)',NULL,NULL,'F1','Wuhoo',NULL,'cmgsezki60002gw74emj8fhtl',53.0,'seed','cmgwiaivs00014n5mq0oj6tq9','healthy',NULL,NULL,0,0,0,NULL,'[]',1760558354596,1760889907120,NULL,NULL,NULL);
INSERT INTO Plant VALUES('cmgsezkis001hgw74qz33cdlh','ANT-2025-0011',1760486400000,'Anthurium',NULL,'Crystallinum Hybrid','Crystallinum Hybrid','Doriaki × Crystallinum',NULL,NULL,'F1',NULL,NULL,'cmgsezki90006gw74y7yvnc7q',100.0,'Seed','cmgsezkie000ggw74ycg57u0y','healthy',NULL,NULL,0,0,0,NULL,'[]',1760558354597,1760889942343,NULL,NULL,NULL);
INSERT INTO Plant VALUES('cmgsezkit001jgw74f1l5lkoq','ANT-2025-0012',1760486400000,'Anthurium','','Hybrid','Dark Mama','Warocquanum x ',NULL,NULL,'F1',NULL,NULL,'cmgsezki80004gw74b8c7814f',68.0,'tissue_culture','cmgwiaivs00014n5mq0oj6tq9','healthy',NULL,NULL,0,0,0,NULL,'[]',1760558354597,1761052274561,NULL,NULL,NULL);
INSERT INTO Plant VALUES('cmgsezkit001lgw74anwr2r6v','ANT-2025-0013',1734220800000,'Anthurium','','Dark Pheonix','Dark Pheonix Large','Dark Pheonix',NULL,NULL,'F1','Dandi',NULL,'cmgsezki80004gw74b8c7814f',90.0,'tissue_culture','cmgsezkie000fgw74fii6io1e','healthy',NULL,NULL,0,0,0,NULL,'[]',1760558354598,1760890023888,NULL,NULL,NULL);
INSERT INTO Plant VALUES('cmgsezkiu001ngw742t5x2euz','ANT-2025-0014',1734220800000,'Anthurium','','Dark Pheonix','Dark Pheonix small','Dark Pheonix',NULL,NULL,'F1','Dandi',NULL,'cmgsezki80004gw74b8c7814f',90.0,'tissue_culture','cmgsezkie000fgw74fii6io1e','healthy',NULL,NULL,0,0,0,NULL,'[]',1760558354598,1760890029774,NULL,NULL,NULL);
INSERT INTO Plant VALUES('cmgsezkiu001pgw7466lruqng','ANT-2025-0015',1760486400000,'Anthurium','','Delta Force','Delta Force','Delta Force',NULL,NULL,'P1','Dandi plants',NULL,'cmgsezki80004gw74b8c7814f',100.0,'tissue_culture','cmgsezkid000dgw74i8jmw464','healthy',NULL,NULL,0,0,0,NULL,'[]',1760558354599,1762449602366,NULL,NULL,NULL);
INSERT INTO Plant VALUES('cmgsezkiv001rgw745guvfw2t','ANT-2025-0016',1760486400000,'Anthurium',NULL,'Delta Force','Delta Force','Delta Force',NULL,NULL,'F1',NULL,NULL,'cmgsezki60002gw74emj8fhtl',55.0,'Seed','cmgsezkie000fgw74fii6io1e','healthy',NULL,NULL,0,0,0,NULL,'[]',1760558354599,1760890079773,NULL,NULL,NULL);
INSERT INTO Plant VALUES('cmgsezkiv001tgw74w17qx7hc','ANT-2025-0017',1760486400000,'Anthurium',NULL,'Dress x Nova DF','Dress x Nova DF','Dressleri (Windy FP1) × SP Nov DF',NULL,NULL,'F1',NULL,NULL,'cmgsezki50001gw74zqw0y3hl',70.0,'Seed','cmgsezkie000egw74p7t5bodw','healthy',NULL,NULL,0,0,0,NULL,'[]',1760558354600,1761000199069,NULL,NULL,NULL);
INSERT INTO Plant VALUES('cmgsezkiw001vgw74pvxq8ru1','ANT-2025-0018',1759881600000,'Anthurium','Porphyrochitonium','Hybrid','Ree Gardens Dressleri open x RLFS','Dressleri (Ree Gardens) x Open × RLFS',NULL,NULL,'F1','Fontanimal',NULL,'cmgsezki50001gw74zqw0y3hl',77.0,'seed','cmgsezkie000egw74p7t5bodw','healthy',NULL,NULL,0,0,0,NULL,'[]',1760558354600,1760890342434,NULL,NULL,NULL);
INSERT INTO Plant VALUES('cmgsezkiw001xgw74v9qp5xbw','ANT-2025-0019',1760486400000,'Anthurium',NULL,'Dressleri "Windy"','Dressleri "Windy"','Dressleri (Windy FP1) × Dressleri (Windy FP2)',NULL,NULL,'F1',NULL,NULL,'cmgsezki50001gw74zqw0y3hl',200.0,'Seed','cmgsezkid000dgw74i8jmw464','healthy',NULL,NULL,0,0,1,NULL,'[]',1760558354601,1760988423086,NULL,NULL,NULL);
INSERT INTO Plant VALUES('cmgsezkix001zgw74j62tastp','ANT-2025-0020',1760486400000,'Anthurium','Porphyrochitonium','Dressleri Colón','Dressleri Colón','Dressleri Colon × Dressleri Colón',NULL,NULL,'F1','SKG',NULL,'cmgsezki30000gw74cf6l7wi7',400.0,'seed','cmgsezkie000egw74p7t5bodw','healthy',NULL,NULL,0,0,0,NULL,'[]',1760558354601,1760890180470,NULL,NULL,NULL);
INSERT INTO Plant VALUES('cmgsezkix0021gw7461yjiwmu','ANT-2025-0021',1759276800000,'Anthurium','Porphyrochitonium','Dressleri hybrid','Ree Gardens ‘Dressleri narrow’ x Dressleri Windy','Dressleri Narrow (Ree Gardens) × Dressleri (Windy)',NULL,NULL,'F1','Fontanimal',NULL,'cmgsezki50001gw74zqw0y3hl',61.0,'seed','cmgsezkie000egw74p7t5bodw','healthy',NULL,NULL,0,0,0,NULL,'[]',1760558354602,1760890481322,NULL,NULL,NULL);
INSERT INTO Plant VALUES('cmgsezkiy0023gw74mmw3es0z','ANT-2025-0022',1759276800000,'Anthurium','','Dressleri x Self','Dressleri (Rio Gauche) NSE','NSE Dressleri - selfed from DF dress',NULL,NULL,'F1',NULL,NULL,'cmgsezki70003gw746q8ouev6',NULL,'seed','cmgsezkie000fgw74fii6io1e','healthy',NULL,NULL,0,0,0,NULL,'[]',1760558354602,1761000753463,NULL,NULL,NULL);
INSERT INTO Plant VALUES('cmgsezkiy0025gw742wfvmspy','ANT-2025-0023',1759795200000,'Anthurium','','Forgettii (F1) self','Forgettii (F1) self','Forgettii S1',NULL,NULL,'P1',NULL,'NSE','cmgsezki70003gw746q8ouev6',82.0,'seed','cmgsezkie000fgw74fii6io1e','healthy',NULL,NULL,0,0,0,NULL,'[]',1760558354603,1761001425443,NULL,NULL,NULL);
INSERT INTO Plant VALUES('cmgsezkiz0027gw74izmypumf','ANT-2025-0024',1751328000000,'Anthurium','Cardiolonchium','Crystallinum','FTG Crystallinum ','FTG × self',NULL,NULL,'F1',NULL,'NSE','cmgsezki70003gw746q8ouev6',87.0,'seed','cmgsezkid000dgw74i8jmw464','healthy',NULL,NULL,0,0,0,NULL,'[]',1760558354603,1760890570409,NULL,NULL,NULL);
INSERT INTO Plant VALUES('cmgsezkiz0029gw742lwabqmq','ANT-2025-0025',1734220800000,'Anthurium','','hybrid','AOS x BVEP X Crystallinum var','(Ace of Spades x Antolakii/BVEP) × Crystallinum (variegated)',NULL,NULL,'F1',NULL,'Wu','cmgsezki60002gw74emj8fhtl',53.0,'seed','cmgsezkid000dgw74i8jmw464','healthy',NULL,NULL,0,0,0,'{"generalNotes":"","soilMix":"Dave''s 4.0","lightRequirements":"","wateringFrequency":"","fertilizationSchedule":"","temperatureRange":"","humidityPreference":""}','[]',1760558354603,1760979679161,NULL,NULL,NULL);
INSERT INTO Plant VALUES('cmgsezkiz002bgw74p77czo99','ANT-2025-0026',1760486400000,'Anthurium','cross-section hybrid','hybrid','Dress/Pap round Hybrid','NOID',NULL,NULL,'F1','Dandi ',NULL,'cmgsezki80004gw74b8c7814f',110.0,'purchase','cmgsezkie000ggw74ycg57u0y','healthy',NULL,NULL,0,0,0,NULL,'[]',1760558354604,1761673516508,NULL,NULL,NULL);
INSERT INTO Plant VALUES('cmgsezkj0002dgw74niow603y','ANT-2025-0027',1760486400000,'Anthurium','','Hybrid','Crystal Mag x Michelle','Crystallinum x Magnificum × Michelle',NULL,NULL,'F1',NULL,NULL,'cmgsezki80004gw74b8c7814f',51.0,'Seed','cmgsezkid000dgw74i8jmw464','healthy',NULL,NULL,0,0,0,NULL,'[]',1760558354604,1760651412860,NULL,NULL,NULL);
INSERT INTO Plant VALUES('cmgsezkj0002fgw74af1orbze','ANT-2025-0028',1733011200000,'Anthurium','','Hybrid','Dorayaki RC x Pap','(Dorayaki x Red Crystallinum) × (Papililaminum x Self)',NULL,NULL,'F1','Dandi ',NULL,'cmgsezki80004gw74b8c7814f',110.0,'seed','cmgsezkie000ggw74ycg57u0y','healthy',NULL,NULL,0,0,0,NULL,'[]',1760558354605,1760890653031,NULL,NULL,NULL);
INSERT INTO Plant VALUES('cmgsezkj1002hgw74dugb7opq','ANT-2025-0029',1733011200000,'Anthurium','','Hybrid','Doriyaki x forgettii X Lux','(Doriyaki x forgettii)× Luxurians',NULL,NULL,'F1','Dandi',NULL,'cmgsezki80004gw74b8c7814f',40.0,'purchase','cmgsezkie000ggw74ycg57u0y','healthy',NULL,NULL,0,0,0,NULL,'[]',1760558354605,1761234150640,NULL,NULL,NULL);
INSERT INTO Plant VALUES('cmgsezkj2002lgw74cij26116','ANT-2025-0031',1760486400000,'Anthurium','','Hybrid','Pap mag x Lux','Papillilaminum/Magnificum × Luxurians',NULL,NULL,'F1',NULL,NULL,'cmgsezki80004gw74b8c7814f',225.0,'Seed','cmgwiaivs00014n5mq0oj6tq9','healthy',NULL,NULL,0,0,0,NULL,'[]',1760558354606,1760989481127,NULL,NULL,NULL);
INSERT INTO Plant VALUES('cmgsezkj2002ngw74raw9hke9','ANT-2025-0032',1760486400000,'Anthurium','','Hybrid','Mag x (Zara x Michelle)','Magnificum × Zara x Michelle',NULL,NULL,'F1',NULL,NULL,'cmgsezki80004gw74b8c7814f',190.0,'Seed','cmgsezkid000dgw74i8jmw464','healthy',NULL,NULL,0,0,0,NULL,'[]',1760558354607,1760651482783,NULL,NULL,NULL);
INSERT INTO Plant VALUES('cmgsezkj3002pgw74ay37rdm3','ANT-2025-0033',1751328000000,'Anthurium','cross-section hybrid','Hybrid','Carla x soul reaper (RLFS select)','Carlablackiae x Papillilaminum ''Soul Reaper'' (Tezula)',NULL,NULL,'F1','Tezula','TZ','cmgsezki30000gw74cf6l7wi7',448.0,'seed','cmgsezkie000egw74p7t5bodw','healthy',NULL,NULL,0,0,0,NULL,'[]',1760558354608,1760980015205,NULL,NULL,NULL);
INSERT INTO Plant VALUES('cmgsezkj4002rgw742lhfkzb4','ANT-2025-0034',1760486400000,'Anthurium','','Hybrid','Pap x Carla ','Papillilaminum (Wu9) × Carlablackiae (wu2)',NULL,NULL,'F1',NULL,NULL,'cmgsezki60002gw74emj8fhtl',53.0,'Seed','cmgsezkid000dgw74i8jmw464','healthy',NULL,NULL,0,0,0,NULL,'[]',1760558354608,1760651298952,NULL,NULL,NULL);
INSERT INTO Plant VALUES('cmgsezkj4002tgw74qejp56ig','ANT-2025-0035',1760486400000,'Anthurium','','Hybrid','NSE Port x Dress (windy)','Portilleae (NSE) × Dressleri (FP2)',NULL,NULL,'F1',NULL,NULL,'cmgsezki50001gw74zqw0y3hl',66.0,'Seed','cmgsezkie000egw74p7t5bodw','healthy',NULL,NULL,0,0,0,'{"generalNotes":"","soilMix":"","lightRequirements":"","wateringFrequency":"","fertilizationSchedule":"","temperatureRange":"","humidityPreference":""}','[]',1760558354609,1761583968376,NULL,NULL,NULL);
INSERT INTO Plant VALUES('cmgsezkj5002vgw74dp76jwci','ANT-2025-0036',1760486400000,'Anthurium','','hybrid','Regale × Besseae aff','Regale × Besseae aff',NULL,NULL,'F1',NULL,NULL,'cmgsezkia0007gw745p4splyj',339.0,'Seed','cmgsezkie000egw74p7t5bodw','healthy',NULL,NULL,0,0,0,NULL,'[]',1760558354609,1761001254228,NULL,NULL,NULL);
INSERT INTO Plant VALUES('cmgsezkj5002xgw746by1ljgh','ANT-2025-0037',1760486400000,'Anthurium',NULL,'Lexi''s Dream','Lexi''s Dream','Red Crystallinum × AOS x Leland',NULL,NULL,'F1',NULL,NULL,'cmgsezki50001gw74zqw0y3hl',307.0,'Seed','cmgsezkie000egw74p7t5bodw','healthy',NULL,NULL,0,0,0,NULL,'[]',1760558354610,1761000269031,NULL,NULL,NULL);
INSERT INTO Plant VALUES('cmgsezkj6002zgw744z7vg0xi','ANT-2025-0038',1729641600000,'Anthurium','','Luxurians','Luxurians','Luxurians ',NULL,NULL,'F1','Dandi',NULL,'cmgsezki80004gw74b8c7814f',190.0,'purchase','cmgsezkie000ggw74ycg57u0y','healthy',NULL,NULL,0,0,0,NULL,'[]',1760558354610,1760985977242,NULL,NULL,NULL);
INSERT INTO Plant VALUES('cmgsezkj60031gw74dmy7kj3v','ANT-2025-0039',1760486400000,'Anthurium',NULL,'Magnificum','Magnificum','Magnificum',NULL,NULL,'F1',NULL,NULL,'cmgsezkia0008gw74dsa2rem9',53.0,'Clone','cmgsezkid000dgw74i8jmw464','healthy',NULL,NULL,0,0,0,NULL,'[]',1760558354611,1760558354611,NULL,NULL,NULL);
INSERT INTO Plant VALUES('cmgsezkj70033gw749vd43ass','ANT-2025-0040',1760486400000,'Anthurium',NULL,'Michelle','Michelle','Michelle × Michelle',NULL,NULL,'F1',NULL,NULL,'cmgsezkib0009gw74j974w113',95.0,'Seed','cmgsezkid000dgw74i8jmw464','healthy',NULL,NULL,0,0,0,NULL,'[]',1760558354611,1760558354611,NULL,NULL,NULL);
INSERT INTO Plant VALUES('cmgsezkj70035gw74z2d04kpb','ANT-2025-0041',1760486400000,'Anthurium','cross-section hybrid','Michelle','Michelle','Michelle (MS)',NULL,NULL,'F1','Doc Block',NULL,'cmgsezkib0009gw74j974w113',95.0,'division','cmgwiaivs00014n5mq0oj6tq9','healthy',NULL,NULL,0,0,0,NULL,'[]',1760558354612,1760990030753,NULL,NULL,NULL);
INSERT INTO Plant VALUES('cmgsezkj80037gw74hz5pirxd','ANT-2025-0042',1760486400000,'Anthurium',NULL,'Michelle','Michelle','Michelle (MS) × Michelle',NULL,NULL,'F1',NULL,NULL,'cmgsezkib0009gw74j974w113',NULL,'Clone','cmgwiaivs00014n5mq0oj6tq9','healthy',NULL,NULL,0,0,0,NULL,'[]',1760558354612,1761000564865,NULL,NULL,NULL);
INSERT INTO Plant VALUES('cmgsezkj80039gw74r26btl52','ANT-2025-0043',1760486400000,'Anthurium','','NSE Port - Dewey Fisk','NSE Port - Dewey Fisk','Portilleae (NSE) × Self',NULL,NULL,'F1',NULL,'NSE','cmgsezki70003gw746q8ouev6',NULL,'seed','cmgsezkie000fgw74fii6io1e','healthy',NULL,NULL,0,0,0,NULL,'[]',1760558354613,1760986101728,NULL,NULL,NULL);
INSERT INTO Plant VALUES('cmgsezkj9003bgw74cqa3rkjx','ANT-2025-0044',1760486400000,'Anthurium','','NSE Red Crystal','NSE Red Crystal Lux','Red Crystallinum × Luxurians',NULL,NULL,'P1',NULL,'NSE','cmgsezki70003gw746q8ouev6',161.0,'purchase','cmgsezkie000fgw74fii6io1e','healthy',NULL,NULL,0,0,0,NULL,'[]',1760558354613,1762012434690,NULL,NULL,NULL);
INSERT INTO Plant VALUES('cmgsezkj9003dgw741iifryqi','ANT-2025-0045',1734220800000,'Anthurium','','Pallidiforum','Pallidiforum','Pallidiflorum × Pallidiforum',NULL,NULL,'F1','Dandi',NULL,'cmgsezki80004gw74b8c7814f',50.0,'purchase','cmgwiaivs00014n5mq0oj6tq9','healthy',NULL,NULL,0,0,0,NULL,'[]',1760558354614,1760989625483,NULL,NULL,NULL);
INSERT INTO Plant VALUES('cmgsezkja003fgw74ovapo3yl','ANT-2025-0046',1759795200000,'Anthurium','Porphyrochitonium','Papallilinum','Pap - Colón form','Pap - Colón form',NULL,NULL,'F1','Tezula',NULL,'cmgsezki80005gw746sbx4y4y',64.0,'purchase','cmgwiaivs00014n5mq0oj6tq9','healthy',NULL,NULL,0,0,0,NULL,'[]',1760558354614,1761001300375,NULL,NULL,NULL);
INSERT INTO Plant VALUES('cmgsezkja003hgw74cry941wr','ANT-2025-0047',1760486400000,'Anthurium','','Pap/Mag hybrid?','Pap x pap ‘red stem’','Papillilaminum × Papililaminum Red Stem',NULL,NULL,'F1',NULL,NULL,NULL,40.0,'Seed','cmgsezkie000fgw74fii6io1e','healthy',NULL,NULL,0,0,0,NULL,'[]',1760558354615,1760891452853,NULL,NULL,NULL);
INSERT INTO Plant VALUES('cmgsezkjb003jgw743sfwbm29','ANT-2025-0048',1760486400000,'Anthurium','Porphyrochitonium','Papililaminum','Papililaminum RA8','Papillilaminum (RA8) × Self',NULL,NULL,'S1',NULL,'TZ','cmgsezki30000gw74cf6l7wi7',250.0,'seed','cmgsezkie000egw74p7t5bodw','healthy',NULL,NULL,0,0,0,NULL,'[]',1760558354615,1761584120243,NULL,NULL,NULL);
INSERT INTO Plant VALUES('cmgsezkjb003lgw74nmxn50qw','ANT-2025-0049',1760486400000,'Anthurium','Porphyrochitonium','Papililaminum ','Papililaminum papa legba x papa midnight (40x40)','Papillilaminum (RA 8x5) × Papillilaminum (RA 8x5)',NULL,NULL,'F1','Tezula','TZ','cmgsezki30000gw74cf6l7wi7',350.0,'seed','cmgsezkie000fgw74fii6io1e','struggling',NULL,NULL,0,0,1,NULL,'[]',1760558354615,1762447424960,NULL,NULL,NULL);
INSERT INTO Plant VALUES('cmgsezkjb003ngw747rvx7viw','ANT-2025-0050',1760486400000,'Anthurium','','Queen of Hearts','Queen of Hearts','Queen of Hearts',NULL,NULL,'F1',NULL,NULL,'cmgsezkia0007gw745p4splyj',69.0,'Seed','cmgsezkid000dgw74i8jmw464','recovering',NULL,NULL,0,0,0,'{"generalNotes":"restarting from stump","soilMix":"SKG greenhouse mix","lightRequirements":"","wateringFrequency":"","fertilizationSchedule":"","temperatureRange":"","humidityPreference":""}','[]',1760558354616,1761870601048,NULL,NULL,NULL);
INSERT INTO Plant VALUES('cmgsezkjc003pgw74hkchzz6p','ANT-2025-0051',1734220800000,'Anthurium','','Hybrid','Radicans x Luxurians','Radicans × Luxurians',NULL,NULL,'F1',NULL,NULL,'cmgsezki80004gw74b8c7814f',20.0,'purchase','cmgsezkie000ggw74ycg57u0y','healthy',NULL,NULL,0,0,0,NULL,'[]',1760558354616,1761001241004,NULL,NULL,NULL);
INSERT INTO Plant VALUES('cmgsezkjc003rgw74o897pydc','ANT-2025-0052',1759276800000,'Anthurium','','Forgetii × (Papillilaminum × Magnificum)','Red Spider','Wuhoo OFFSET',NULL,NULL,'F1',NULL,NULL,'cmgsezki60002gw74emj8fhtl',255.0,'division','cmgsezkie000fgw74fii6io1e','healthy',NULL,NULL,0,0,0,NULL,'[]',1760558354617,1761795671587,NULL,NULL,NULL);
INSERT INTO Plant VALUES('cmgsezkjd003tgw74hosd87vo','ANT-2025-0053',1760486400000,'Anthurium',NULL,'Silver Blush','Silver Blush','Silver Blush',NULL,NULL,'F1',NULL,NULL,'cmgsezki50001gw74zqw0y3hl',61.0,'Seed','cmgsezkid000dgw74i8jmw464','healthy',NULL,NULL,0,0,0,NULL,'[]',1760558354617,1760558354617,NULL,NULL,NULL);
INSERT INTO Plant VALUES('cmgsezkjd003vgw74tcaceemk','ANT-2025-0054',1760486400000,'Anthurium',NULL,'Silver Chrome','Silver Chrome','Silver Chrome',NULL,NULL,'F1',NULL,NULL,'cmgsezki50001gw74zqw0y3hl',93.0,'Seed','cmgsezkid000dgw74i8jmw464','healthy',NULL,NULL,0,0,0,NULL,'[]',1760558354618,1760558354618,NULL,NULL,NULL);
INSERT INTO Plant VALUES('cmgsezkje003xgw74hwav9bnc','ANT-2025-0055',1759795200000,'Anthurium','','Hybrid','SKG grey','SKG grey × self',NULL,NULL,'F1','SKG ',NULL,'cmgsezkib000agw743nix9r5e',190.0,'purchase','cmgsezkie000egw74p7t5bodw','healthy',NULL,NULL,0,0,0,NULL,'[]',1760558354618,1760891043177,NULL,NULL,NULL);
INSERT INTO Plant VALUES('cmgsezkje003zgw747z2lsbqn','ANT-2025-0056',1748736000000,'Anthurium','Strap leaf - section unknown','sp nova','sp nova Lavender','sp nova',NULL,NULL,'F1',NULL,'NSE','cmgsezki70003gw746q8ouev6',82.0,'seed','cmgsezkid000dgw74i8jmw464','healthy',NULL,NULL,0,0,0,NULL,'[]',1760558354619,1761000628300,NULL,NULL,NULL);
INSERT INTO Plant VALUES('cmgsezkjf0041gw74hdemtn2f','ANT-2025-0057',1760486400000,'Anthurium','','Hybrid','Tezula purple x Red Crystal','Purple Crystallinum (Tezula) × Red Crystallinum (Tezula)',NULL,NULL,'F1',NULL,NULL,'cmgsezki80004gw74b8c7814f',179.0,'purchase','cmgwiaivs00014n5mq0oj6tq9','healthy',NULL,NULL,0,0,0,NULL,'[]',1760558354619,1761001509579,NULL,NULL,NULL);
INSERT INTO Plant VALUES('cmgsezkjf0043gw74wpad4pb6','ANT-2025-0058',1760486400000,'Anthurium',NULL,'Tezula Red Crystal Mini','Tezula Red Crystal Mini','Red Crystallinum × Red Crystallinum',NULL,NULL,'F1',NULL,NULL,'cmgsezki30000gw74cf6l7wi7',150.0,'offset','cmgsezkie000fgw74fii6io1e','healthy',NULL,NULL,0,0,0,NULL,'[]',1760558354620,1761598091421,NULL,NULL,NULL);
INSERT INTO Plant VALUES('cmgsezkjg0045gw74nqdjz5n3','ANT-2025-0059',1759795200000,'Anthurium','','Hybrid','Tezula Red Crystal Quilted','Red Crystal  × Self',NULL,NULL,'F1',NULL,'TZ','cmgsezki30000gw74cf6l7wi7',750.0,'purchase','cmgsezkie000egw74p7t5bodw','healthy',NULL,NULL,0,0,1,NULL,'[]',1760558354620,1761863574812,NULL,NULL,NULL);
INSERT INTO Plant VALUES('cmgsezkjg0047gw74tozb8195','ANT-2025-0060',1760486400000,'Anthurium',NULL,'Vittarifolum','Vittarifolum','Vittarifolum',NULL,NULL,'F1',NULL,NULL,'cmgsezki80004gw74b8c7814f',97.0,'TC','cmgwiaivs00014n5mq0oj6tq9','healthy',NULL,NULL,0,0,0,NULL,'[]',1760558354621,1761000442893,NULL,NULL,NULL);
INSERT INTO Plant VALUES('cmgsezkjh0049gw74ixrelf90','ANT-2025-0061',1759795200000,'Anthurium','','Hybrid','Warocqueanum x Rugolusum','Warocqueanum × Rugolosum',NULL,NULL,'F1','SKG',NULL,'cmgsezkib000agw743nix9r5e',250.0,'division','cmgsezkie000fgw74fii6io1e','healthy',NULL,NULL,0,0,1,NULL,'[]',1760558354621,1761598111749,NULL,NULL,NULL);
INSERT INTO Plant VALUES('cmgsezkjh004bgw74r8t5rejr','ANT-2025-0062',1760486400000,'Anthurium',NULL,'Wendlingerii','Wendlingerii','wendlingerii × Self',NULL,NULL,'F1',NULL,NULL,'cmgsezki70003gw746q8ouev6',54.0,'Seeds 10','cmgsezkid000dgw74i8jmw464','healthy',NULL,NULL,0,0,1,NULL,'[]',1760558354622,1761000507877,NULL,NULL,NULL);
INSERT INTO Plant VALUES('cmgsezkji004dgw74cea2vbac','ANT-2025-0063',1760486400000,'Anthurium','Hybrid','King of Spades','King of Spades','',NULL,NULL,'','Unknown','','cmgsezkic000bgw74ay2k6trp',450.0,'Clone','cmgsezkie000egw74p7t5bodw','healthy','',NULL,0,0,0,'Premium clone line','[]',1760558354622,1761000532505,NULL,NULL,NULL);
INSERT INTO Plant VALUES('cmgsezkji004fgw743111zejv','ANT-2025-0064',1759017600000,'Anthurium','Xialophyllum','Carlablackiae','Carlablackiae OG5xRA6','Carlablackiae (OG5) × Carlablackiae (RA6)',NULL,NULL,'F1','Scott Cohen','SC','cmgsezkic000bgw74ay2k6trp',400.0,'Seed','cmgsezkie000egw74p7t5bodw','healthy','Critically Endangered',NULL,0,0,0,'OG5 x RA6 lineage - documented genetics','[]',1760558354623,1761001369212,NULL,NULL,NULL);
INSERT INTO Plant VALUES('cmgsezkjj004hgw741plapojf','ANT-2025-0065',1759017600000,'Anthurium','Porphyrochitonium','Papillilaminum Variegated hybrid ','Papillilaminum Variegated','Papillilaminum × Papillilaminum',NULL,NULL,'F2 Sport','Eddie Pronto','EPP','cmgsezkid000cgw74yimq02ai',1500.0,'purchase','cmgsezkie000fgw74fii6io1e','healthy','',NULL,0,0,0,'EPP exclusive variegated selection','[]',1760558354623,1760891520972,NULL,NULL,NULL);
INSERT INTO Plant VALUES('cmgsezkjj004jgw74jfbck8m3','ANT-2025-0066',1759017600000,'Anthurium','Hybrid','King of Spades (Red Sinus)','King of Spades (Red Sinus)','purple emergant red sinus',NULL,NULL,'','Unknown','','cmgsezkid000cgw74yimq02ai',400.0,'Seed','cmgsezkie000egw74p7t5bodw','healthy','',NULL,0,0,0,'{"generalNotes":"EPP Red Sinus selection aquired from IAS 2025 @ Perfect Choice Nurseries","soilMix":"Dave 4.0","lightRequirements":"","wateringFrequency":"","fertilizationSchedule":"","temperatureRange":"","humidityPreference":""}','[]',1760558354624,1761001076385,NULL,NULL,NULL);
INSERT INTO Plant VALUES('cmgsezkjk004lgw7429ndpod8','ANT-2025-0067',1751328000000,'Anthurium','Cardiolonchium','Hybrid','KOS X Papillilaminum × Crystallinum Antioquia (Variegated)','King of Spades × (Papillilaminum × Crystallinum Antioquia)',NULL,NULL,'Complex Hybrid','Tezula ','Tezula','cmgsezki30000gw74cf6l7wi7',2200.0,'purchase','cmgsezkie000egw74p7t5bodw','healthy','',NULL,0,0,0,'Tezula variegated selection - Antioquia crystallinum genetics','[]',1760558354624,1760891367842,NULL,NULL,NULL);
INSERT INTO Plant VALUES('cmgwuhdhu001k4n5m535j8so6','ANT-2025-1736',1759017600000,'Anthurium','','Sp nova - DF','Sp Nova DF','',NULL,NULL,NULL,NULL,'DF',NULL,1400.0,'division','cmgsezkie000egw74p7t5bodw','healthy',NULL,NULL,0,0,0,NULL,'[]',1760826244243,1761001166261,NULL,NULL,NULL);
INSERT INTO Plant VALUES('cmgwuif5i001l4n5mzy25tx2q','ANT-2025-2438',1759017600000,'Anthurium','','Hybrid','FTG x Port Dorito','FTG Crystallinum x Portilleae ‘Dorito’',NULL,NULL,'F1','Greaux',NULL,NULL,100.0,'seed','cmgsezkie000egw74p7t5bodw','healthy',NULL,NULL,0,0,0,NULL,'[]',1760826293046,1760890817812,NULL,NULL,NULL);
INSERT INTO Plant VALUES('cmhcvf641005h7aidif7v7fxf','ANT-2025-2199',1761696000000,'Anthurium','Porphyrochitonium','','Pap Hybrid Variegated','Offset clone of mother ',NULL,NULL,NULL,NULL,'EPP',NULL,0.0,'division','cmgsezkie000fgw74fii6io1e','healthy',NULL,NULL,0,0,0,NULL,'[]',1761795279793,1761795416110,NULL,NULL,NULL);
INSERT INTO Plant VALUES('cmhggqnvj00244827johwzezi','ANT-2025-9960',1759968000000,'Anthurium',NULL,'Crystallinum x open','NSE Red Crystal',NULL,NULL,NULL,NULL,NULL,NULL,NULL,70.0,NULL,NULL,'healthy',NULL,NULL,0,0,0,NULL,'[]',1762012486496,1762012486496,NULL,NULL,NULL);
INSERT INTO Plant VALUES('cmhkquz7000544827jap4vmyn','ANT-2025-8457',1761177600000,'Anthurium','Cardiolonchium','Papillinanimum','Pap RA6','RA6 SC offset',NULL,NULL,'P1',NULL,'SC',NULL,350.0,'division',NULL,'healthy',NULL,NULL,0,0,0,NULL,'[]',1762271348652,1762271425934,NULL,NULL,NULL);
INSERT INTO Plant VALUES('cmhkqzaiw00574827j9uuzyf6','ANT-2025-0232',1761091200000,'Anthurium','','Carlablackiae ','Carla OG4xOG2','OG4xOG2',NULL,NULL,'F1',NULL,'SC',NULL,250.0,'purchase',NULL,'healthy',NULL,NULL,0,0,0,NULL,'[]',1762271549961,1762271589293,NULL,NULL,NULL);
INSERT INTO Plant VALUES('cmhkr2tf6005a4827d0z7fikf','ANT-2025-0286',1761177600000,'Anthurium','','(Black Widow x Michelle) x Dark Forgetii','Black Widow Michele x Dark Forgetii','',NULL,NULL,NULL,NULL,NULL,NULL,30.0,'purchase','cmgsezkie000fgw74fii6io1e','healthy',NULL,NULL,0,0,0,NULL,'[]',1762271714418,1762271774219,NULL,NULL,NULL);
CREATE TABLE IF NOT EXISTS "CareLog" (
    "id" TEXT NOT NULL PRIMARY KEY,
    "plantId" TEXT NOT NULL,
    "date" DATETIME NOT NULL,
    "action" TEXT NOT NULL,
    "treatmentId" TEXT,
    "dosage" REAL,
    "unit" TEXT,
    "details" TEXT,
    "nextActionDue" DATETIME,
    "performedBy" TEXT,
    "createdAt" DATETIME NOT NULL DEFAULT CURRENT_TIMESTAMP,
    CONSTRAINT "CareLog_plantId_fkey" FOREIGN KEY ("plantId") REFERENCES "Plant" ("id") ON DELETE CASCADE ON UPDATE CASCADE,
    CONSTRAINT "CareLog_treatmentId_fkey" FOREIGN KEY ("treatmentId") REFERENCES "Treatment" ("id") ON DELETE SET NULL ON UPDATE CASCADE
);
INSERT INTO CareLog VALUES('cmgsh5mji0017v9ksjxle4kk4','cmgsezkjj004jgw74jfbck8m3',1760400000000,'fertilizing',NULL,3.0,'ml','CalMag Buffering',NULL,NULL,1760561996382);
INSERT INTO CareLog VALUES('cmgshe5ku0018v9ks0glv9846','cmgsezkji004fgw743111zejv',1760486400000,'fertilizing',NULL,0.4600000000000000199,'EC PH','Calmag buffering with PH up to hit 6.2 input',NULL,NULL,1760562394302);
INSERT INTO CareLog VALUES('cmgshe5ku0019v9ks6kffxg4l','cmgsezkji004dgw74cea2vbac',1760486400000,'fertilizing',NULL,0.4600000000000000199,'EC PH','Calmag buffering with PH up to hit 6.2 input',NULL,NULL,1760562394302);
INSERT INTO CareLog VALUES('cmgshe5ku001av9ks85eeefaq','cmgsezkjh0049gw74ixrelf90',1760486400000,'fertilizing',NULL,0.4600000000000000199,'EC PH','Calmag buffering with PH up to hit 6.2 input',NULL,NULL,1760562394302);
INSERT INTO CareLog VALUES('cmgshe5ku001bv9ks2ba2m7dm','cmgsezkjf0043gw74wpad4pb6',1760486400000,'fertilizing',NULL,0.4600000000000000199,'EC PH','Calmag buffering with PH up to hit 6.2 input',NULL,NULL,1760562394302);
INSERT INTO CareLog VALUES('cmgshe5ku001cv9kspu1f9gah','cmgsezkjg0045gw74nqdjz5n3',1760486400000,'fertilizing',NULL,0.4600000000000000199,'EC PH','Calmag buffering with PH up to hit 6.2 input',NULL,NULL,1760562394302);
INSERT INTO CareLog VALUES('cmgshe5ku001dv9ks8ituv333','cmgsezkje003zgw747z2lsbqn',1760486400000,'fertilizing',NULL,0.4600000000000000199,'EC PH','Calmag buffering with PH up to hit 6.2 input',NULL,NULL,1760562394302);
INSERT INTO CareLog VALUES('cmgshe5ku001ev9ks26ihrs5s','cmgsezkje003xgw74hwav9bnc',1760486400000,'fertilizing',NULL,0.4600000000000000199,'EC PH','Calmag buffering with PH up to hit 6.2 input',NULL,NULL,1760562394302);
INSERT INTO CareLog VALUES('cmgshe5ku001fv9ksgxii9gwr','cmgsezkjb003jgw743sfwbm29',1760486400000,'fertilizing',NULL,0.4600000000000000199,'EC PH','Calmag buffering with PH up to hit 6.2 input',NULL,NULL,1760562394302);
INSERT INTO CareLog VALUES('cmgshe5ku001gv9ksxyqfgo6c','cmgsezkj5002xgw746by1ljgh',1760486400000,'fertilizing',NULL,0.4600000000000000199,'EC PH','Calmag buffering with PH up to hit 6.2 input',NULL,NULL,1760562394302);
INSERT INTO CareLog VALUES('cmgshe5ku001hv9ksb40g8nkg','cmgsezkix001zgw74j62tastp',1760486400000,'fertilizing',NULL,0.4600000000000000199,'EC PH','Calmag buffering with PH up to hit 6.2 input',NULL,NULL,1760562394302);
INSERT INTO CareLog VALUES('cmgshe5ku001iv9ksahshgxj2','cmgsezkiq0019gw74uslqjgtm',1760486400000,'fertilizing',NULL,0.4600000000000000199,'EC PH','Calmag buffering with PH up to hit 6.2 input',NULL,NULL,1760562394302);
INSERT INTO CareLog VALUES('cmgshllw4001kv9ks9hmth123','cmgsezkjb003ngw747rvx7viw',1760486400000,'fertilizing',NULL,3.0,'ml','{"notes":"CalMag buffer","inputEC":0.4,"inputPH":6.2}',NULL,NULL,1760562742037);
INSERT INTO CareLog VALUES('cmgtq6dkm000010st7zh5l0e8','cmgsezkjd003vgw74tcaceemk',1760572800000,'calmag',NULL,0.8249999999999999556,'ml/L CaMg ml/L PH up','{"notes":"Cal mag buffering","inputEC":0.33,"inputPH":6.1}',NULL,NULL,1760637614135);
INSERT INTO CareLog VALUES('cmgtq6dkm000110st4u19ux20','cmgsezkja003hgw74cry941wr',1760572800000,'calmag',NULL,0.8249999999999999556,'ml/L CaMg ml/L PH up','{"notes":"Cal mag buffering","inputEC":0.33,"inputPH":6.1}',NULL,NULL,1760637614135);
INSERT INTO CareLog VALUES('cmgtq6dkm000210stvj2xkv9d','cmgsezkis001fgw74ccl5m7cs',1760572800000,'calmag',NULL,0.8249999999999999556,'ml/L CaMg ml/L PH up','{"notes":"Cal mag buffering","inputEC":0.33,"inputPH":6.1}',NULL,NULL,1760637614135);
INSERT INTO CareLog VALUES('cmgtq6dkm000310stznj6y87g','cmgsezkin000zgw74xmwy9v5q',1760572800000,'calmag',NULL,0.8249999999999999556,'ml/L CaMg ml/L PH up','{"notes":"Cal mag buffering","inputEC":0.33,"inputPH":6.1}',NULL,NULL,1760637614135);
INSERT INTO CareLog VALUES('cmgty2rqj0000vt7y3wd28hq0','cmgsezkjf0043gw74wpad4pb6',1760572800000,'watering',NULL,NULL,NULL,'{"notes":"Calmag buffer ","inputEC":0.37,"inputPH":6.1}',NULL,NULL,1760650882796);
INSERT INTO CareLog VALUES('cmgty2rqj0001vt7yts9rczmj','cmgsezkje003xgw74hwav9bnc',1760572800000,'watering',NULL,NULL,NULL,'{"notes":"Calmag buffer ","inputEC":0.37,"inputPH":6.1}',NULL,NULL,1760650882796);
INSERT INTO CareLog VALUES('cmgty2rqj0002vt7yyfmdp3uu','cmgsezkjc003rgw74o897pydc',1760572800000,'watering',NULL,NULL,NULL,'{"notes":"Calmag buffer ","inputEC":0.37,"inputPH":6.1}',NULL,NULL,1760650882796);
INSERT INTO CareLog VALUES('cmgty2rqj0003vt7y1q3rswqi','cmgsezkjb003jgw743sfwbm29',1760572800000,'watering',NULL,NULL,NULL,'{"notes":"Calmag buffer ","inputEC":0.37,"inputPH":6.1}',NULL,NULL,1760650882796);
INSERT INTO CareLog VALUES('cmgty2rqj0004vt7yqx4xdo8i','cmgsezkj9003dgw741iifryqi',1760572800000,'watering',NULL,NULL,NULL,'{"notes":"Calmag buffer ","inputEC":0.37,"inputPH":6.1}',NULL,NULL,1760650882796);
INSERT INTO CareLog VALUES('cmgty2rqj0005vt7y5l7h5eni','cmgsezkja003fgw74ovapo3yl',1760572800000,'watering',NULL,NULL,NULL,'{"notes":"Calmag buffer ","inputEC":0.37,"inputPH":6.1}',NULL,NULL,1760650882796);
INSERT INTO CareLog VALUES('cmgty2rqj0006vt7yw20ya3nm','cmgsezkj5002xgw746by1ljgh',1760572800000,'watering',NULL,NULL,NULL,'{"notes":"Calmag buffer ","inputEC":0.37,"inputPH":6.1}',NULL,NULL,1760650882796);
INSERT INTO CareLog VALUES('cmgty2rqj0007vt7yqurhex1y','cmgsezkix001zgw74j62tastp',1760572800000,'watering',NULL,NULL,NULL,'{"notes":"Calmag buffer ","inputEC":0.37,"inputPH":6.1}',NULL,NULL,1760650882796);
INSERT INTO CareLog VALUES('cmgty2rqj0008vt7y82lo9lv0','cmgsezkis001hgw74qz33cdlh',1760572800000,'watering',NULL,NULL,NULL,'{"notes":"Calmag buffer ","inputEC":0.37,"inputPH":6.1}',NULL,NULL,1760650882796);
INSERT INTO CareLog VALUES('cmgty2rqj0009vt7ysi64we3j','cmgsezkiq0019gw74uslqjgtm',1760572800000,'watering',NULL,NULL,NULL,'{"notes":"Calmag buffer ","inputEC":0.37,"inputPH":6.1}',NULL,NULL,1760650882796);
INSERT INTO CareLog VALUES('cmgty682u000bvt7ytsj4bc17','cmgsezkj4002tgw74qejp56ig',1760976000000,'fertilizing',NULL,71111.0,'+L //ml per L','{"notes":"Calmag TPS one","inputEC":1.1,"inputPH":6.3,"outputEC":1.35,"outputPH":6.1}',NULL,NULL,1760651043942);
INSERT INTO CareLog VALUES('cmgty7iie000dvt7y32s048h7','cmgsezkj5002vgw74dp76jwci',1760572800000,'watering',NULL,NULL,NULL,'{"notes":"Calmag buffer","inputEC":0.37,"inputPH":6.1}',NULL,NULL,1760651104118);
INSERT INTO CareLog VALUES('cmgtyaq5x000fvt7yddyt4kwj','cmgsezkj3002pgw74ay37rdm3',1760572800000,'watering',NULL,NULL,NULL,'{"notes":"Calmag buffer","inputEC":0.37,"inputPH":6.1}',NULL,NULL,1760651254005);
INSERT INTO CareLog VALUES('cmgwig3n400054n5mj7crw5qi','cmgsezkip0013gw74wh66x8oc',1760486400000,'watering',NULL,NULL,NULL,'{"notes":"flush, Benchmark and buffer ","inputEC":0.33,"inputPH":6.2,"outputEC":0.45,"outputPH":5.8}',NULL,NULL,1760806029424);
INSERT INTO CareLog VALUES('cmgwpekb300074n5mot3d50y5','cmgsezkit001lgw74anwr2r6v',1760745600000,'fertilizing',NULL,86810.0,'L ml CaMg ml one ml ph up','{"notes":"Calmag TPS 1","inputEC":0.94,"inputPH":6.2,"outputEC":0.86,"outputPH":5.43}',NULL,NULL,1760817715024);
INSERT INTO CareLog VALUES('cmgwplcg900084n5mmtvmmn6g','cmgsezkjj004hgw741plapojf',1760745600000,'fertilizing',NULL,82068110.0,'L h ml CaMg ml t- ml ph up','{"notes":"Moderate feed with focus on buffering","inputEC":0.94,"inputPH":6.2}',NULL,NULL,1760818031434);
INSERT INTO CareLog VALUES('cmgwplcg900094n5m8ryezysj','cmgsezkjb003lgw74nmxn50qw',1760745600000,'fertilizing',NULL,82068110.0,'L h ml CaMg ml t- ml ph up','{"notes":"Moderate feed with focus on buffering","inputEC":0.94,"inputPH":6.2}',NULL,NULL,1760818031434);
INSERT INTO CareLog VALUES('cmgwplcg9000a4n5m9g88bonh','cmgsezkiy0025gw742wfvmspy',1760745600000,'fertilizing',NULL,82068110.0,'L h ml CaMg ml t- ml ph up','{"notes":"Moderate feed with focus on buffering","inputEC":0.94,"inputPH":6.2}',NULL,NULL,1760818031434);
INSERT INTO CareLog VALUES('cmgwplcg9000b4n5mps0xjzgg','cmgsezkiu001ngw742t5x2euz',1760745600000,'fertilizing',NULL,82068110.0,'L h ml CaMg ml t- ml ph up','{"notes":"Moderate feed with focus on buffering","inputEC":0.94,"inputPH":6.2}',NULL,NULL,1760818031434);
INSERT INTO CareLog VALUES('cmgwplcg9000c4n5mmw0qob42','cmgsezkj6002zgw744z7vg0xi',1760745600000,'fertilizing',NULL,82068110.0,'L h ml CaMg ml t- ml ph up','{"notes":"Moderate feed with focus on buffering","inputEC":0.94,"inputPH":6.2}',NULL,NULL,1760818031434);
INSERT INTO CareLog VALUES('cmgwpn90q000e4n5m3gs7skre','cmgsezkjb003lgw74nmxn50qw',1760745600000,'watering',NULL,NULL,NULL,'{"outputEC":0.92,"outputPH":5.36}',NULL,NULL,1760818120298);
INSERT INTO CareLog VALUES('cmgwpumjj000g4n5mp9tmq284','cmgsezkiz002bgw74p77czo99',1760745600000,'fertilizing',NULL,76810.0,'L ml ml ml','{"notes":"After taking readings determined need to  immediate flush","inputEC":0.94,"inputPH":6.2,"outputEC":1.67,"outputPH":5.35}',NULL,NULL,1760818464415);
INSERT INTO CareLog VALUES('cmgwpw3zx000i4n5mce4zo72q','cmgsezkiz002bgw74p77czo99',1760745600000,'watering',NULL,NULL,NULL,'{"notes":"Flush w purified water","inputEC":0.1,"inputPH":7.3,"outputEC":1.29,"outputPH":5.23}',NULL,NULL,1760818533693);
INSERT INTO CareLog VALUES('cmgwpzer9000k4n5mgegemvtr','cmgsezkjh0049gw74ixrelf90',1760745600000,'repotting',NULL,NULL,NULL,'{"notes":"Nursery pot Small and SKG greenhouse substrate. Switched to 4 inch orchid pot with Dave’s 4.0 and great white."}',NULL,NULL,1760818687605);
INSERT INTO CareLog VALUES('cmgwq0avl000m4n5mr39cxbj7','cmgsezkjh0049gw74ixrelf90',1760745600000,'watering',NULL,NULL,NULL,'{"notes":"Post repot watering ","inputEC":0.94,"inputPH":6.2,"outputEC":1.9,"outputPH":5.42}',NULL,NULL,1760818729234);
INSERT INTO CareLog VALUES('cmgwq3ask000o4n5m3wk5n4b0','cmgsezkjj004hgw741plapojf',1760745600000,'fertilizing',NULL,NULL,NULL,'{"notes":"Details on prior watering entry outputs. Substrate extremely acidic in original pot with Spagna Moss dated December 2024 needs report after new emergent complete hardening.","inputEC":0.94,"inputPH":6.2,"outputEC":0.82,"outputPH":4.1}',NULL,NULL,1760818869092);
INSERT INTO CareLog VALUES('cmgwueylm000t4n5m1rcyb3dc','cmgsezkin000zgw74xmwy9v5q',1760745600000,'fertilizing',NULL,7128810.0,'+ HO, // CaMg/One/phup','{"notes":"Moderate feed with rain simulation outside with foliage drench ","inputEC":1.1,"inputPH":6.1}',NULL,NULL,1760826131626);
INSERT INTO CareLog VALUES('cmgwueylm000u4n5m1mpmidnb','cmgsezkiq0017gw741cm7c6qx',1760745600000,'fertilizing',NULL,7128810.0,'+ HO, // CaMg/One/phup','{"notes":"Moderate feed with rain simulation outside with foliage drench ","inputEC":1.1,"inputPH":6.1}',NULL,NULL,1760826131626);
INSERT INTO CareLog VALUES('cmgwueylm000v4n5m8qer0owa','cmgsezkiq0019gw74uslqjgtm',1760745600000,'fertilizing',NULL,7128810.0,'+ HO, // CaMg/One/phup','{"notes":"Moderate feed with rain simulation outside with foliage drench ","inputEC":1.1,"inputPH":6.1}',NULL,NULL,1760826131626);
INSERT INTO CareLog VALUES('cmgwueylm000x4n5mli1zrfvf','cmgsezkj3002pgw74ay37rdm3',1760745600000,'fertilizing',NULL,7128810.0,'+ HO, // CaMg/One/phup','{"notes":"Moderate feed with rain simulation outside with foliage drench ","inputEC":1.1,"inputPH":6.1}',NULL,NULL,1760826131626);
INSERT INTO CareLog VALUES('cmgwueylm000y4n5mz80jwvn9','cmgsezkji004fgw743111zejv',1760745600000,'fertilizing',NULL,7128810.0,'+ HO, // CaMg/One/phup','{"notes":"Moderate feed with rain simulation outside with foliage drench ","inputEC":1.1,"inputPH":6.1}',NULL,NULL,1760826131626);
INSERT INTO CareLog VALUES('cmgwueylm000z4n5mqbnbjij0','cmgsezkiv001tgw74w17qx7hc',1760745600000,'fertilizing',NULL,7128810.0,'+ HO, // CaMg/One/phup','{"notes":"Moderate feed with rain simulation outside with foliage drench ","inputEC":1.1,"inputPH":6.1}',NULL,NULL,1760826131626);
INSERT INTO CareLog VALUES('cmgwueylm00104n5mv926favi','cmgsezkiw001xgw74v9qp5xbw',1760745600000,'fertilizing',NULL,7128810.0,'+ HO, // CaMg/One/phup','{"notes":"Moderate feed with rain simulation outside with foliage drench ","inputEC":1.1,"inputPH":6.1}',NULL,NULL,1760826131626);
INSERT INTO CareLog VALUES('cmgwueylm00114n5m8llrtbfx','cmgsezkix001zgw74j62tastp',1760745600000,'fertilizing',NULL,7128810.0,'+ HO, // CaMg/One/phup','{"notes":"Moderate feed with rain simulation outside with foliage drench ","inputEC":1.1,"inputPH":6.1}',NULL,NULL,1760826131626);
INSERT INTO CareLog VALUES('cmgwueylm00124n5mf97s1xky','cmgsezkix0021gw7461yjiwmu',1760745600000,'fertilizing',NULL,7128810.0,'+ HO, // CaMg/One/phup','{"notes":"Moderate feed with rain simulation outside with foliage drench ","inputEC":1.1,"inputPH":6.1}',NULL,NULL,1760826131626);
INSERT INTO CareLog VALUES('cmgwueylm00134n5mid7y4986','cmgsezkiz0027gw74izmypumf',1760745600000,'fertilizing',NULL,7128810.0,'+ HO, // CaMg/One/phup','{"notes":"Moderate feed with rain simulation outside with foliage drench ","inputEC":1.1,"inputPH":6.1}',NULL,NULL,1760826131626);
INSERT INTO CareLog VALUES('cmgwueylm00144n5mrzfngfq3','cmgsezkji004dgw74cea2vbac',1760745600000,'fertilizing',NULL,7128810.0,'+ HO, // CaMg/One/phup','{"notes":"Moderate feed with rain simulation outside with foliage drench ","inputEC":1.1,"inputPH":6.1}',NULL,NULL,1760826131626);
INSERT INTO CareLog VALUES('cmgwueylm00154n5mmez5abjw','cmgsezkjj004jgw74jfbck8m3',1760745600000,'fertilizing',NULL,7128810.0,'+ HO, // CaMg/One/phup','{"notes":"Moderate feed with rain simulation outside with foliage drench ","inputEC":1.1,"inputPH":6.1}',NULL,NULL,1760826131626);
INSERT INTO CareLog VALUES('cmgwueylm00164n5m9e1u3qq3','cmgsezkjk004lgw7429ndpod8',1760745600000,'fertilizing',NULL,7128810.0,'+ HO, // CaMg/One/phup','{"notes":"Moderate feed with rain simulation outside with foliage drench ","inputEC":1.1,"inputPH":6.1}',NULL,NULL,1760826131626);
INSERT INTO CareLog VALUES('cmgwueylm00174n5mxilcdhmt','cmgsezkj5002xgw746by1ljgh',1760745600000,'fertilizing',NULL,7128810.0,'+ HO, // CaMg/One/phup','{"notes":"Moderate feed with rain simulation outside with foliage drench ","inputEC":1.1,"inputPH":6.1}',NULL,NULL,1760826131626);
INSERT INTO CareLog VALUES('cmgwueylm00184n5mx4i5id4y','cmgsezkj60031gw74dmy7kj3v',1760745600000,'fertilizing',NULL,7128810.0,'+ HO, // CaMg/One/phup','{"notes":"Moderate feed with rain simulation outside with foliage drench ","inputEC":1.1,"inputPH":6.1}',NULL,NULL,1760826131626);
INSERT INTO CareLog VALUES('cmgwueylm00194n5mm9jwp286','cmgsezkj70033gw749vd43ass',1760745600000,'fertilizing',NULL,7128810.0,'+ HO, // CaMg/One/phup','{"notes":"Moderate feed with rain simulation outside with foliage drench ","inputEC":1.1,"inputPH":6.1}',NULL,NULL,1760826131626);
INSERT INTO CareLog VALUES('cmgwueylm001a4n5m4lxebo5s','cmgsezkjb003jgw743sfwbm29',1760745600000,'fertilizing',NULL,7128810.0,'+ HO, // CaMg/One/phup','{"notes":"Moderate feed with rain simulation outside with foliage drench ","inputEC":1.1,"inputPH":6.1}',NULL,NULL,1760826131626);
INSERT INTO CareLog VALUES('cmgwueylm001b4n5m32mcn9wm','cmgsezkj5002vgw74dp76jwci',1760745600000,'fertilizing',NULL,7128810.0,'+ HO, // CaMg/One/phup','{"notes":"Moderate feed with rain simulation outside with foliage drench ","inputEC":1.1,"inputPH":6.1}',NULL,NULL,1760826131626);
INSERT INTO CareLog VALUES('cmgwueylm001c4n5m3o45kowv','cmgsezkjd003tgw74hosd87vo',1760745600000,'fertilizing',NULL,7128810.0,'+ HO, // CaMg/One/phup','{"notes":"Moderate feed with rain simulation outside with foliage drench ","inputEC":1.1,"inputPH":6.1}',NULL,NULL,1760826131626);
INSERT INTO CareLog VALUES('cmgwueylm001d4n5mg9662blt','cmgsezkjd003vgw74tcaceemk',1760745600000,'fertilizing',NULL,7128810.0,'+ HO, // CaMg/One/phup','{"notes":"Moderate feed with rain simulation outside with foliage drench ","inputEC":1.1,"inputPH":6.1}',NULL,NULL,1760826131626);
INSERT INTO CareLog VALUES('cmgwueylm001e4n5mnuwqql75','cmgsezkje003xgw74hwav9bnc',1760745600000,'fertilizing',NULL,7128810.0,'+ HO, // CaMg/One/phup','{"notes":"Moderate feed with rain simulation outside with foliage drench ","inputEC":1.1,"inputPH":6.1}',NULL,NULL,1760826131626);
INSERT INTO CareLog VALUES('cmgwueylm001f4n5m7jjbionv','cmgsezkjf0043gw74wpad4pb6',1760745600000,'fertilizing',NULL,7128810.0,'+ HO, // CaMg/One/phup','{"notes":"Moderate feed with rain simulation outside with foliage drench ","inputEC":1.1,"inputPH":6.1}',NULL,NULL,1760826131626);
INSERT INTO CareLog VALUES('cmgwueylm001g4n5mobxm3tz7','cmgsezkjg0045gw74nqdjz5n3',1760745600000,'fertilizing',NULL,7128810.0,'+ HO, // CaMg/One/phup','{"notes":"Moderate feed with rain simulation outside with foliage drench ","inputEC":1.1,"inputPH":6.1}',NULL,NULL,1760826131626);
INSERT INTO CareLog VALUES('cmgwueylm001h4n5m41wedeyj','cmgsezkjh0049gw74ixrelf90',1760745600000,'fertilizing',NULL,7128810.0,'+ HO, // CaMg/One/phup','{"notes":"Moderate feed with rain simulation outside with foliage drench ","inputEC":1.1,"inputPH":6.1}',NULL,NULL,1760826131626);
INSERT INTO CareLog VALUES('cmgwueylm001i4n5m1uo4mbb6','cmgsezkjh004bgw74r8t5rejr',1760745600000,'fertilizing',NULL,7128810.0,'+ HO, // CaMg/One/phup','{"notes":"Moderate feed with rain simulation outside with foliage drench ","inputEC":1.1,"inputPH":6.1}',NULL,NULL,1760826131626);
INSERT INTO CareLog VALUES('cmgwueylm001j4n5mkfg1o5zl','cmgsezkiz0029gw742lwabqmq',1760745600000,'fertilizing',NULL,7128810.0,'+ HO, // CaMg/One/phup','{"notes":"Moderate feed with rain simulation outside with foliage drench ","inputEC":1.1,"inputPH":6.1}',NULL,NULL,1760826131626);
INSERT INTO CareLog VALUES('cmgz7odfz001n4n5mcgyu6hi6','cmgsezkj0002fgw74af1orbze',1760918400000,'fertilizing',NULL,11.21000000000000086,'//','{"notes":"Moderate-full feed. 8L h2o (zero water x 7 tap x1) 1ml/L CaMg 1.2ml/L TPS, 1.2 PH up. \nToo high will try 1/1/1 to be closer to .9-1.1 and 6.1","inputEC":1.33,"inputPH":6.3,"outputEC":1.15,"outputPH":6.1}',NULL,NULL,1760969338127);
INSERT INTO CareLog VALUES('cmgzq31by00017aidecsrurnw','cmgsezkiv001tgw74w17qx7hc',1760976000000,'watering',NULL,NULL,NULL,'{"notes":"Rain"}',NULL,NULL,1761000255359);
INSERT INTO CareLog VALUES('cmgzq3p0d00037aidtsdg5lz2','cmgsezkj5002xgw746by1ljgh',1760976000000,'watering',NULL,NULL,NULL,'{"notes":"Rain"}',NULL,NULL,1761000286045);
INSERT INTO CareLog VALUES('cmgzq972200057aid8p7ho3qq','cmgsezkji004dgw74cea2vbac',1760976000000,'watering',NULL,NULL,NULL,'{"notes":"Rain"}',NULL,NULL,1761000542715);
INSERT INTO CareLog VALUES('cmgzqd9nk00077aid9n97b7c5','cmgsezkjf0043gw74wpad4pb6',1760976000000,'watering',NULL,NULL,NULL,'{"notes":"Rain"}',NULL,NULL,1761000732705);
INSERT INTO CareLog VALUES('cmgzqmtfe00097aidu8h88ksl','cmgwuhdhu001k4n5m535j8so6',1760976000000,'watering',NULL,NULL,NULL,'{"notes":"Rain"}',NULL,NULL,1761001178234);
INSERT INTO CareLog VALUES('cmh0ub9ac000c7aid9bjv35fr','cmgsezkin000xgw74jhgpsbkx',1761004800000,'watering',NULL,NULL,NULL,'{"notes":"Top off bf travel for 6 days. CaMg ph up ","inputEC":0.6,"inputPH":6.3}',NULL,NULL,1761067823557);
INSERT INTO CareLog VALUES('cmh0ub9ac000d7aid88ocany7','cmgsezkiz0029gw742lwabqmq',1761004800000,'watering',NULL,NULL,NULL,'{"notes":"Top off bf travel for 6 days. CaMg ph up ","inputEC":0.6,"inputPH":6.3}',NULL,NULL,1761067823557);
INSERT INTO CareLog VALUES('cmh0ub9ac000e7aido047ug53','cmgsezkin000zgw74xmwy9v5q',1761004800000,'watering',NULL,NULL,NULL,'{"notes":"Top off bf travel for 6 days. CaMg ph up ","inputEC":0.6,"inputPH":6.3}',NULL,NULL,1761067823557);
INSERT INTO CareLog VALUES('cmh0ub9ac000f7aido57wsa2w','cmgsezkio0011gw742moi2gqy',1761004800000,'watering',NULL,NULL,NULL,'{"notes":"Top off bf travel for 6 days. CaMg ph up ","inputEC":0.6,"inputPH":6.3}',NULL,NULL,1761067823557);
INSERT INTO CareLog VALUES('cmh0ub9ac000g7aidbb4su5hd','cmgsezkip0013gw74wh66x8oc',1761004800000,'watering',NULL,NULL,NULL,'{"notes":"Top off bf travel for 6 days. CaMg ph up ","inputEC":0.6,"inputPH":6.3}',NULL,NULL,1761067823557);
INSERT INTO CareLog VALUES('cmh0ub9ac000h7aid5nrbm2nq','cmgsezkis001fgw74ccl5m7cs',1761004800000,'watering',NULL,NULL,NULL,'{"notes":"Top off bf travel for 6 days. CaMg ph up ","inputEC":0.6,"inputPH":6.3}',NULL,NULL,1761067823557);
INSERT INTO CareLog VALUES('cmh0ub9ac000i7aid1fkq2mg9','cmgsezkj0002dgw74niow603y',1761004800000,'watering',NULL,NULL,NULL,'{"notes":"Top off bf travel for 6 days. CaMg ph up ","inputEC":0.6,"inputPH":6.3}',NULL,NULL,1761067823557);
INSERT INTO CareLog VALUES('cmh0ub9ac000j7aidlmo7tzma','cmgsezkit001jgw74f1l5lkoq',1761004800000,'watering',NULL,NULL,NULL,'{"notes":"Top off bf travel for 6 days. CaMg ph up ","inputEC":0.6,"inputPH":6.3}',NULL,NULL,1761067823557);
INSERT INTO CareLog VALUES('cmh0ub9ac000k7aid10n99xnx','cmgsezkit001lgw74anwr2r6v',1761004800000,'watering',NULL,NULL,NULL,'{"notes":"Top off bf travel for 6 days. CaMg ph up ","inputEC":0.6,"inputPH":6.3}',NULL,NULL,1761067823557);
INSERT INTO CareLog VALUES('cmh0ub9ac000l7aiddumhvi5t','cmgsezkiu001ngw742t5x2euz',1761004800000,'watering',NULL,NULL,NULL,'{"notes":"Top off bf travel for 6 days. CaMg ph up ","inputEC":0.6,"inputPH":6.3}',NULL,NULL,1761067823557);
INSERT INTO CareLog VALUES('cmh0ub9ac000m7aidrfmfc69b','cmgsezkiu001pgw7466lruqng',1761004800000,'watering',NULL,NULL,NULL,'{"notes":"Top off bf travel for 6 days. CaMg ph up ","inputEC":0.6,"inputPH":6.3}',NULL,NULL,1761067823557);
INSERT INTO CareLog VALUES('cmh0ub9ac000n7aidf1yq05eq','cmgsezkiv001rgw745guvfw2t',1761004800000,'watering',NULL,NULL,NULL,'{"notes":"Top off bf travel for 6 days. CaMg ph up ","inputEC":0.6,"inputPH":6.3}',NULL,NULL,1761067823557);
INSERT INTO CareLog VALUES('cmh0ub9ac000o7aidbpp9x85x','cmgsezkj0002fgw74af1orbze',1761004800000,'watering',NULL,NULL,NULL,'{"notes":"Top off bf travel for 6 days. CaMg ph up ","inputEC":0.6,"inputPH":6.3}',NULL,NULL,1761067823557);
INSERT INTO CareLog VALUES('cmh0ub9ac000p7aidx0khpdl9','cmgsezkiz002bgw74p77czo99',1761004800000,'watering',NULL,NULL,NULL,'{"notes":"Top off bf travel for 6 days. CaMg ph up ","inputEC":0.6,"inputPH":6.3}',NULL,NULL,1761067823557);
INSERT INTO CareLog VALUES('cmh0ub9ac000q7aidf1dlftxg','cmgsezkiw001xgw74v9qp5xbw',1761004800000,'watering',NULL,NULL,NULL,'{"notes":"Top off bf travel for 6 days. CaMg ph up ","inputEC":0.6,"inputPH":6.3}',NULL,NULL,1761067823557);
INSERT INTO CareLog VALUES('cmh0ub9ac000r7aidwuv53wv6','cmgsezkiy0023gw74mmw3es0z',1761004800000,'watering',NULL,NULL,NULL,'{"notes":"Top off bf travel for 6 days. CaMg ph up ","inputEC":0.6,"inputPH":6.3}',NULL,NULL,1761067823557);
INSERT INTO CareLog VALUES('cmh0ub9ac000s7aidjtumb2i5','cmgsezkiy0025gw742wfvmspy',1761004800000,'watering',NULL,NULL,NULL,'{"notes":"Top off bf travel for 6 days. CaMg ph up ","inputEC":0.6,"inputPH":6.3}',NULL,NULL,1761067823557);
INSERT INTO CareLog VALUES('cmh0ub9ac000t7aidzpnqnyxb','cmgsezkiz0027gw74izmypumf',1761004800000,'watering',NULL,NULL,NULL,'{"notes":"Top off bf travel for 6 days. CaMg ph up ","inputEC":0.6,"inputPH":6.3}',NULL,NULL,1761067823557);
INSERT INTO CareLog VALUES('cmh0ub9ac000u7aidihyf21qp','cmgsezkjk004lgw7429ndpod8',1761004800000,'watering',NULL,NULL,NULL,'{"notes":"Top off bf travel for 6 days. CaMg ph up ","inputEC":0.6,"inputPH":6.3}',NULL,NULL,1761067823557);
INSERT INTO CareLog VALUES('cmh0ub9ac000v7aid660lq1yj','cmgsezkj6002zgw744z7vg0xi',1761004800000,'watering',NULL,NULL,NULL,'{"notes":"Top off bf travel for 6 days. CaMg ph up ","inputEC":0.6,"inputPH":6.3}',NULL,NULL,1761067823557);
INSERT INTO CareLog VALUES('cmh0ub9ac000w7aid1wgdqw3a','cmgsezkj2002ngw74raw9hke9',1761004800000,'watering',NULL,NULL,NULL,'{"notes":"Top off bf travel for 6 days. CaMg ph up ","inputEC":0.6,"inputPH":6.3}',NULL,NULL,1761067823557);
INSERT INTO CareLog VALUES('cmh0ub9ac000x7aidldb8emff','cmgsezkj60031gw74dmy7kj3v',1761004800000,'watering',NULL,NULL,NULL,'{"notes":"Top off bf travel for 6 days. CaMg ph up ","inputEC":0.6,"inputPH":6.3}',NULL,NULL,1761067823557);
INSERT INTO CareLog VALUES('cmh0ub9ac000y7aid9b80dtss','cmgsezkj70033gw749vd43ass',1761004800000,'watering',NULL,NULL,NULL,'{"notes":"Top off bf travel for 6 days. CaMg ph up ","inputEC":0.6,"inputPH":6.3}',NULL,NULL,1761067823557);
INSERT INTO CareLog VALUES('cmh0ub9ac000z7aid55351cnu','cmgsezkj70035gw74z2d04kpb',1761004800000,'watering',NULL,NULL,NULL,'{"notes":"Top off bf travel for 6 days. CaMg ph up ","inputEC":0.6,"inputPH":6.3}',NULL,NULL,1761067823557);
INSERT INTO CareLog VALUES('cmh0ub9ac00107aid1ywafz5u','cmgsezkj9003bgw74cqa3rkjx',1761004800000,'watering',NULL,NULL,NULL,'{"notes":"Top off bf travel for 6 days. CaMg ph up ","inputEC":0.6,"inputPH":6.3}',NULL,NULL,1761067823557);
INSERT INTO CareLog VALUES('cmh0ub9ac00117aids0syw1nl','cmgsezkj9003dgw741iifryqi',1761004800000,'watering',NULL,NULL,NULL,'{"notes":"Top off bf travel for 6 days. CaMg ph up ","inputEC":0.6,"inputPH":6.3}',NULL,NULL,1761067823557);
INSERT INTO CareLog VALUES('cmh0ub9ac00127aidz4hygq9z','cmgsezkj2002lgw74cij26116',1761004800000,'watering',NULL,NULL,NULL,'{"notes":"Top off bf travel for 6 days. CaMg ph up ","inputEC":0.6,"inputPH":6.3}',NULL,NULL,1761067823557);
INSERT INTO CareLog VALUES('cmh0ub9ac00137aidojppz4ol','cmgsezkj4002rgw742lhfkzb4',1761004800000,'watering',NULL,NULL,NULL,'{"notes":"Top off bf travel for 6 days. CaMg ph up ","inputEC":0.6,"inputPH":6.3}',NULL,NULL,1761067823557);
INSERT INTO CareLog VALUES('cmh0ub9ac00147aidcp1updbd','cmgsezkja003hgw74cry941wr',1761004800000,'watering',NULL,NULL,NULL,'{"notes":"Top off bf travel for 6 days. CaMg ph up ","inputEC":0.6,"inputPH":6.3}',NULL,NULL,1761067823557);
INSERT INTO CareLog VALUES('cmh0ub9ac00157aidtgkolve2','cmgsezkjb003lgw74nmxn50qw',1761004800000,'watering',NULL,NULL,NULL,'{"notes":"Top off bf travel for 6 days. CaMg ph up ","inputEC":0.6,"inputPH":6.3}',NULL,NULL,1761067823557);
INSERT INTO CareLog VALUES('cmh0ub9ac00167aidaz9o2pz3','cmgsezkjj004hgw741plapojf',1761004800000,'watering',NULL,NULL,NULL,'{"notes":"Top off bf travel for 6 days. CaMg ph up ","inputEC":0.6,"inputPH":6.3}',NULL,NULL,1761067823557);
INSERT INTO CareLog VALUES('cmh0ub9ac00177aidvgsjwfc1','cmgsezkjc003pgw74hkchzz6p',1761004800000,'watering',NULL,NULL,NULL,'{"notes":"Top off bf travel for 6 days. CaMg ph up ","inputEC":0.6,"inputPH":6.3}',NULL,NULL,1761067823557);
INSERT INTO CareLog VALUES('cmh0ub9ac00187aid3kaeworp','cmgsezkjc003rgw74o897pydc',1761004800000,'watering',NULL,NULL,NULL,'{"notes":"Top off bf travel for 6 days. CaMg ph up ","inputEC":0.6,"inputPH":6.3}',NULL,NULL,1761067823557);
INSERT INTO CareLog VALUES('cmh0ub9ac00197aid7009tnah','cmgsezkjd003tgw74hosd87vo',1761004800000,'watering',NULL,NULL,NULL,'{"notes":"Top off bf travel for 6 days. CaMg ph up ","inputEC":0.6,"inputPH":6.3}',NULL,NULL,1761067823557);
INSERT INTO CareLog VALUES('cmh0ub9ac001a7aidkdigfj0v','cmgsezkjd003vgw74tcaceemk',1761004800000,'watering',NULL,NULL,NULL,'{"notes":"Top off bf travel for 6 days. CaMg ph up ","inputEC":0.6,"inputPH":6.3}',NULL,NULL,1761067823557);
INSERT INTO CareLog VALUES('cmh0ub9ac001b7aid2cmyfpno','cmgsezkjf0041gw74hdemtn2f',1761004800000,'watering',NULL,NULL,NULL,'{"notes":"Top off bf travel for 6 days. CaMg ph up ","inputEC":0.6,"inputPH":6.3}',NULL,NULL,1761067823557);
INSERT INTO CareLog VALUES('cmh0ub9ac001c7aid3p93gf6h','cmgsezkjg0047gw74tozb8195',1761004800000,'watering',NULL,NULL,NULL,'{"notes":"Top off bf travel for 6 days. CaMg ph up ","inputEC":0.6,"inputPH":6.3}',NULL,NULL,1761067823557);
INSERT INTO CareLog VALUES('cmh0ub9ac001d7aid7m7ygam5','cmgsezkjh004bgw74r8t5rejr',1761004800000,'watering',NULL,NULL,NULL,'{"notes":"Top off bf travel for 6 days. CaMg ph up ","inputEC":0.6,"inputPH":6.3}',NULL,NULL,1761067823557);
INSERT INTO CareLog VALUES('cmh0wkthd001f7aidkrr3m8p0','cmgsezkj80037gw74hz5pirxd',1761062400000,'watering',NULL,NULL,NULL,'{"notes":"CaMg ","inputEC":0.6,"inputPH":6.3,"outputEC":0.75,"outputPH":5.8}',NULL,NULL,1761071628866);
INSERT INTO CareLog VALUES('cmh2bbb5j001j7aidrdjsjhby','cmgsezkjb003ngw747rvx7viw',1760976000000,'repotting',NULL,NULL,NULL,'{"notes":"repotted stump from SKG greenhouse pot to pon.  still no regrowth, some roots showing early root rot.  bad roots removed and repot into 5in SWP with recycled Pon"}',NULL,NULL,1761156845624);
INSERT INTO CareLog VALUES('cmh2bbuc4001l7aidscxd7772','cmgsezkjb003ngw747rvx7viw',1761062400000,'watering',NULL,NULL,NULL,'{"notes":"post repot watering","inputEC":0.6,"inputPH":6.3}',NULL,NULL,1761156870484);
INSERT INTO CareLog VALUES('cmh2fhk9m001n7aidsq4pgs9r','cmgsezkip0015gw7469zox65i',1760803200000,'watering',NULL,NULL,NULL,NULL,NULL,NULL,1761163855835);
INSERT INTO CareLog VALUES('cmh3l511p001p7aidmzu710a1','cmgsezkiw001vgw74pvxq8ru1',1760976000000,'rain',NULL,NULL,NULL,NULL,NULL,NULL,1761233814926);
INSERT INTO CareLog VALUES('cmh3l784w001r7aid3xhbbapp','cmgsezkjb003jgw743sfwbm29',1760976000000,'rain',NULL,NULL,NULL,NULL,NULL,NULL,1761233917425);
INSERT INTO CareLog VALUES('cmh3la5l0001t7aidkjzr3x02','cmgsezkiq0017gw741cm7c6qx',1760976000000,'rain',NULL,NULL,NULL,NULL,NULL,NULL,1761234054084);
INSERT INTO CareLog VALUES('cmh3lang8001v7aidqdxr0uv1','cmgsezkix0021gw7461yjiwmu',1760976000000,'rain',NULL,NULL,NULL,NULL,NULL,NULL,1761234077240);
INSERT INTO CareLog VALUES('cmh3lb8on001x7aidlsmb4zz4','cmgwuif5i001l4n5mzy25tx2q',1760976000000,'rain',NULL,NULL,NULL,NULL,NULL,NULL,1761234104759);
INSERT INTO CareLog VALUES('cmh3lcpje001z7aidvt13361v','cmgsezkje003xgw74hwav9bnc',1760976000000,'rain',NULL,NULL,NULL,NULL,NULL,NULL,1761234173258);
INSERT INTO CareLog VALUES('cmh3ldip900217aidg6u1d78v','cmgsezkiq0019gw74uslqjgtm',1760976000000,'rain',NULL,NULL,NULL,NULL,NULL,NULL,1761234211053);
INSERT INTO CareLog VALUES('cmh7vihc100227aid79gvuivr','cmgsezkiq0017gw741cm7c6qx',1761436800000,'rain',NULL,NULL,NULL,'{"rainAmount":"light","rainDuration":"short"}',NULL,NULL,1761493103425);
INSERT INTO CareLog VALUES('cmh7vihc100237aid5qfxmfe2','cmgsezkiq0019gw74uslqjgtm',1761436800000,'rain',NULL,NULL,NULL,'{"rainAmount":"light","rainDuration":"short"}',NULL,NULL,1761493103425);
INSERT INTO CareLog VALUES('cmh7vihc100247aid6u9n5dyp','cmgsezkj3002pgw74ay37rdm3',1761436800000,'rain',NULL,NULL,NULL,'{"rainAmount":"light","rainDuration":"short"}',NULL,NULL,1761493103425);
INSERT INTO CareLog VALUES('cmh7vihc100257aidzlbr7q0g','cmgsezkji004fgw743111zejv',1761436800000,'rain',NULL,NULL,NULL,'{"rainAmount":"light","rainDuration":"short"}',NULL,NULL,1761493103425);
INSERT INTO CareLog VALUES('cmh7vihc100267aidn1qkg2z5','cmgsezkiv001tgw74w17qx7hc',1761436800000,'rain',NULL,NULL,NULL,'{"rainAmount":"light","rainDuration":"short"}',NULL,NULL,1761493103425);
INSERT INTO CareLog VALUES('cmh7vihc100277aid670ct6uo','cmgsezkix001zgw74j62tastp',1761436800000,'rain',NULL,NULL,NULL,'{"rainAmount":"light","rainDuration":"short"}',NULL,NULL,1761493103425);
INSERT INTO CareLog VALUES('cmh7vihc100287aidt1bzdkeb','cmgwuif5i001l4n5mzy25tx2q',1761436800000,'rain',NULL,NULL,NULL,'{"rainAmount":"light","rainDuration":"short"}',NULL,NULL,1761493103425);
INSERT INTO CareLog VALUES('cmh7vihc100297aidk70yibgx','cmgsezkji004dgw74cea2vbac',1761436800000,'rain',NULL,NULL,NULL,'{"rainAmount":"light","rainDuration":"short"}',NULL,NULL,1761493103425);
INSERT INTO CareLog VALUES('cmh7vihc1002a7aidysq589ah','cmgsezkjj004jgw74jfbck8m3',1761436800000,'rain',NULL,NULL,NULL,'{"rainAmount":"light","rainDuration":"short"}',NULL,NULL,1761493103425);
INSERT INTO CareLog VALUES('cmh7vihc1002b7aid8n4ag1i3','cmgsezkjk004lgw7429ndpod8',1761436800000,'rain',NULL,NULL,NULL,'{"rainAmount":"light","rainDuration":"short"}',NULL,NULL,1761493103425);
INSERT INTO CareLog VALUES('cmh7vihc1002c7aidgj0xcres','cmgsezkj5002xgw746by1ljgh',1761436800000,'rain',NULL,NULL,NULL,'{"rainAmount":"light","rainDuration":"short"}',NULL,NULL,1761493103425);
INSERT INTO CareLog VALUES('cmh7vihc1002d7aid8saka61s','cmgsezkix0021gw7461yjiwmu',1761436800000,'rain',NULL,NULL,NULL,'{"rainAmount":"light","rainDuration":"short"}',NULL,NULL,1761493103425);
INSERT INTO CareLog VALUES('cmh7vihc1002e7aidn4yvxgay','cmgsezkiw001vgw74pvxq8ru1',1761436800000,'rain',NULL,NULL,NULL,'{"rainAmount":"light","rainDuration":"short"}',NULL,NULL,1761493103425);
INSERT INTO CareLog VALUES('cmh7vihc1002f7aidt1kqxzl2','cmgsezkj5002vgw74dp76jwci',1761436800000,'rain',NULL,NULL,NULL,'{"rainAmount":"light","rainDuration":"short"}',NULL,NULL,1761493103425);
INSERT INTO CareLog VALUES('cmh7vihc1002g7aidhl25uex9','cmgsezkje003xgw74hwav9bnc',1761436800000,'rain',NULL,NULL,NULL,'{"rainAmount":"light","rainDuration":"short"}',NULL,NULL,1761493103425);
INSERT INTO CareLog VALUES('cmh7vihc1002h7aidvvd984y8','cmgwuhdhu001k4n5m535j8so6',1761436800000,'rain',NULL,NULL,NULL,'{"rainAmount":"light","rainDuration":"short"}',NULL,NULL,1761493103425);
INSERT INTO CareLog VALUES('cmh7vihc1002i7aidtc1bg3qb','cmgsezkjf0043gw74wpad4pb6',1761436800000,'rain',NULL,NULL,NULL,'{"rainAmount":"light","rainDuration":"short"}',NULL,NULL,1761493103425);
INSERT INTO CareLog VALUES('cmh7vihc1002j7aidkggpuaau','cmgsezkjg0045gw74nqdjz5n3',1761436800000,'rain',NULL,NULL,NULL,'{"rainAmount":"light","rainDuration":"short"}',NULL,NULL,1761493103425);
INSERT INTO CareLog VALUES('cmh7vihc1002k7aid0e73qus0','cmgsezkjh0049gw74ixrelf90',1761436800000,'rain',NULL,NULL,NULL,'{"rainAmount":"light","rainDuration":"short"}',NULL,NULL,1761493103425);
INSERT INTO CareLog VALUES('cmh9dlb94002l7aidfumznj16','cmgsezkiz0029gw742lwabqmq',1761523200000,'watering',NULL,NULL,NULL,'{"notes":"1 mL per liter CaMg 1 mL per liter TPS one 2 mL total pH up. 7+1 H2O zero water filter, 100 PPM.","inputEC":0.95,"inputPH":6.2}',NULL,NULL,1761583934776);
INSERT INTO CareLog VALUES('cmh9dlb94002m7aid3uojg4k8','cmgsezkip0013gw74wh66x8oc',1761523200000,'watering',NULL,NULL,NULL,'{"notes":"1 mL per liter CaMg 1 mL per liter TPS one 2 mL total pH up. 7+1 H2O zero water filter, 100 PPM.","inputEC":0.95,"inputPH":6.2}',NULL,NULL,1761583934776);
INSERT INTO CareLog VALUES('cmh9dlb94002n7aid0zbpyyy4','cmgsezkis001hgw74qz33cdlh',1761523200000,'watering',NULL,NULL,NULL,'{"notes":"1 mL per liter CaMg 1 mL per liter TPS one 2 mL total pH up. 7+1 H2O zero water filter, 100 PPM.","inputEC":0.95,"inputPH":6.2}',NULL,NULL,1761583934776);
INSERT INTO CareLog VALUES('cmh9dlb94002o7aidm7viyh3f','cmgsezkit001jgw74f1l5lkoq',1761523200000,'watering',NULL,NULL,NULL,'{"notes":"1 mL per liter CaMg 1 mL per liter TPS one 2 mL total pH up. 7+1 H2O zero water filter, 100 PPM.","inputEC":0.95,"inputPH":6.2}',NULL,NULL,1761583934776);
INSERT INTO CareLog VALUES('cmh9dlb94002p7aid48vul316','cmgsezkit001lgw74anwr2r6v',1761523200000,'watering',NULL,NULL,NULL,'{"notes":"1 mL per liter CaMg 1 mL per liter TPS one 2 mL total pH up. 7+1 H2O zero water filter, 100 PPM.","inputEC":0.95,"inputPH":6.2}',NULL,NULL,1761583934776);
INSERT INTO CareLog VALUES('cmh9dlb94002q7aid66ykrkm5','cmgsezkiu001ngw742t5x2euz',1761523200000,'watering',NULL,NULL,NULL,'{"notes":"1 mL per liter CaMg 1 mL per liter TPS one 2 mL total pH up. 7+1 H2O zero water filter, 100 PPM.","inputEC":0.95,"inputPH":6.2}',NULL,NULL,1761583934776);
INSERT INTO CareLog VALUES('cmh9dlb94002r7aid7e70grqs','cmgsezkiu001pgw7466lruqng',1761523200000,'watering',NULL,NULL,NULL,'{"notes":"1 mL per liter CaMg 1 mL per liter TPS one 2 mL total pH up. 7+1 H2O zero water filter, 100 PPM.","inputEC":0.95,"inputPH":6.2}',NULL,NULL,1761583934776);
INSERT INTO CareLog VALUES('cmh9dlb94002s7aidb6xvrhg3','cmgsezkj0002fgw74af1orbze',1761523200000,'watering',NULL,NULL,NULL,'{"notes":"1 mL per liter CaMg 1 mL per liter TPS one 2 mL total pH up. 7+1 H2O zero water filter, 100 PPM.","inputEC":0.95,"inputPH":6.2}',NULL,NULL,1761583934776);
INSERT INTO CareLog VALUES('cmh9dlb94002t7aid3kwsy8j8','cmgsezkj1002hgw74dugb7opq',1761523200000,'watering',NULL,NULL,NULL,'{"notes":"1 mL per liter CaMg 1 mL per liter TPS one 2 mL total pH up. 7+1 H2O zero water filter, 100 PPM.","inputEC":0.95,"inputPH":6.2}',NULL,NULL,1761583934776);
INSERT INTO CareLog VALUES('cmh9dlb94002u7aidjsqv1b7f','cmgsezkiz002bgw74p77czo99',1761523200000,'watering',NULL,NULL,NULL,'{"notes":"1 mL per liter CaMg 1 mL per liter TPS one 2 mL total pH up. 7+1 H2O zero water filter, 100 PPM.","inputEC":0.95,"inputPH":6.2}',NULL,NULL,1761583934776);
INSERT INTO CareLog VALUES('cmh9dlb94002v7aidzsdaed7t','cmgsezkiw001xgw74v9qp5xbw',1761523200000,'watering',NULL,NULL,NULL,'{"notes":"1 mL per liter CaMg 1 mL per liter TPS one 2 mL total pH up. 7+1 H2O zero water filter, 100 PPM.","inputEC":0.95,"inputPH":6.2}',NULL,NULL,1761583934776);
INSERT INTO CareLog VALUES('cmh9dlb94002w7aidhz23kk8p','cmgsezkiz0027gw74izmypumf',1761523200000,'watering',NULL,NULL,NULL,'{"notes":"1 mL per liter CaMg 1 mL per liter TPS one 2 mL total pH up. 7+1 H2O zero water filter, 100 PPM.","inputEC":0.95,"inputPH":6.2}',NULL,NULL,1761583934776);
INSERT INTO CareLog VALUES('cmh9dlb94002x7aidd758j1jh','cmgsezkj6002zgw744z7vg0xi',1761523200000,'watering',NULL,NULL,NULL,'{"notes":"1 mL per liter CaMg 1 mL per liter TPS one 2 mL total pH up. 7+1 H2O zero water filter, 100 PPM.","inputEC":0.95,"inputPH":6.2}',NULL,NULL,1761583934776);
INSERT INTO CareLog VALUES('cmh9dlb94002y7aiddewqbgi0','cmgsezkj60031gw74dmy7kj3v',1761523200000,'watering',NULL,NULL,NULL,'{"notes":"1 mL per liter CaMg 1 mL per liter TPS one 2 mL total pH up. 7+1 H2O zero water filter, 100 PPM.","inputEC":0.95,"inputPH":6.2}',NULL,NULL,1761583934776);
INSERT INTO CareLog VALUES('cmh9dlb94002z7aid6cn5stvw','cmgsezkj70033gw749vd43ass',1761523200000,'watering',NULL,NULL,NULL,'{"notes":"1 mL per liter CaMg 1 mL per liter TPS one 2 mL total pH up. 7+1 H2O zero water filter, 100 PPM.","inputEC":0.95,"inputPH":6.2}',NULL,NULL,1761583934776);
INSERT INTO CareLog VALUES('cmh9dlb9400307aida34df8tc','cmgsezkj70035gw74z2d04kpb',1761523200000,'watering',NULL,NULL,NULL,'{"notes":"1 mL per liter CaMg 1 mL per liter TPS one 2 mL total pH up. 7+1 H2O zero water filter, 100 PPM.","inputEC":0.95,"inputPH":6.2}',NULL,NULL,1761583934776);
INSERT INTO CareLog VALUES('cmh9dlb9400317aidin7z9xz6','cmgsezkj80037gw74hz5pirxd',1761523200000,'watering',NULL,NULL,NULL,'{"notes":"1 mL per liter CaMg 1 mL per liter TPS one 2 mL total pH up. 7+1 H2O zero water filter, 100 PPM.","inputEC":0.95,"inputPH":6.2}',NULL,NULL,1761583934776);
INSERT INTO CareLog VALUES('cmh9dlb9400327aidz8xn6na2','cmgsezkj4002rgw742lhfkzb4',1761523200000,'watering',NULL,NULL,NULL,'{"notes":"1 mL per liter CaMg 1 mL per liter TPS one 2 mL total pH up. 7+1 H2O zero water filter, 100 PPM.","inputEC":0.95,"inputPH":6.2}',NULL,NULL,1761583934776);
INSERT INTO CareLog VALUES('cmh9dlb9400337aidqdoe0s4o','cmgsezkja003hgw74cry941wr',1761523200000,'watering',NULL,NULL,NULL,'{"notes":"1 mL per liter CaMg 1 mL per liter TPS one 2 mL total pH up. 7+1 H2O zero water filter, 100 PPM.","inputEC":0.95,"inputPH":6.2}',NULL,NULL,1761583934776);
INSERT INTO CareLog VALUES('cmh9dlb9400347aidwobagojb','cmgsezkjb003lgw74nmxn50qw',1761523200000,'watering',NULL,NULL,NULL,'{"notes":"1 mL per liter CaMg 1 mL per liter TPS one 2 mL total pH up. 7+1 H2O zero water filter, 100 PPM.","inputEC":0.95,"inputPH":6.2}',NULL,NULL,1761583934776);
INSERT INTO CareLog VALUES('cmh9dlb9400357aid07ir0uxx','cmgsezkjc003pgw74hkchzz6p',1761523200000,'watering',NULL,NULL,NULL,'{"notes":"1 mL per liter CaMg 1 mL per liter TPS one 2 mL total pH up. 7+1 H2O zero water filter, 100 PPM.","inputEC":0.95,"inputPH":6.2}',NULL,NULL,1761583934776);
INSERT INTO CareLog VALUES('cmh9dlb9400367aid0blm4f98','cmgsezkjc003rgw74o897pydc',1761523200000,'watering',NULL,NULL,NULL,'{"notes":"1 mL per liter CaMg 1 mL per liter TPS one 2 mL total pH up. 7+1 H2O zero water filter, 100 PPM.","inputEC":0.95,"inputPH":6.2}',NULL,NULL,1761583934776);
INSERT INTO CareLog VALUES('cmh9dlb9400377aidgd1bbjgx','cmgsezkjd003tgw74hosd87vo',1761523200000,'watering',NULL,NULL,NULL,'{"notes":"1 mL per liter CaMg 1 mL per liter TPS one 2 mL total pH up. 7+1 H2O zero water filter, 100 PPM.","inputEC":0.95,"inputPH":6.2}',NULL,NULL,1761583934776);
INSERT INTO CareLog VALUES('cmh9dlb9400387aidk4z0fydm','cmgsezkjd003vgw74tcaceemk',1761523200000,'watering',NULL,NULL,NULL,'{"notes":"1 mL per liter CaMg 1 mL per liter TPS one 2 mL total pH up. 7+1 H2O zero water filter, 100 PPM.","inputEC":0.95,"inputPH":6.2}',NULL,NULL,1761583934776);
INSERT INTO CareLog VALUES('cmh9dlb9400397aidp64a9305','cmgsezkjf0041gw74hdemtn2f',1761523200000,'watering',NULL,NULL,NULL,'{"notes":"1 mL per liter CaMg 1 mL per liter TPS one 2 mL total pH up. 7+1 H2O zero water filter, 100 PPM.","inputEC":0.95,"inputPH":6.2}',NULL,NULL,1761583934776);
INSERT INTO CareLog VALUES('cmh9dlb94003a7aidj90k6nbf','cmgsezkj80039gw74r26btl52',1761523200000,'watering',NULL,NULL,NULL,'{"notes":"1 mL per liter CaMg 1 mL per liter TPS one 2 mL total pH up. 7+1 H2O zero water filter, 100 PPM.","inputEC":0.95,"inputPH":6.2}',NULL,NULL,1761583934776);
INSERT INTO CareLog VALUES('cmh9dlb94003b7aidtln8fix4','cmgsezkj9003bgw74cqa3rkjx',1761523200000,'watering',NULL,NULL,NULL,'{"notes":"1 mL per liter CaMg 1 mL per liter TPS one 2 mL total pH up. 7+1 H2O zero water filter, 100 PPM.","inputEC":0.95,"inputPH":6.2}',NULL,NULL,1761583934776);
INSERT INTO CareLog VALUES('cmh9dlb94003c7aidagwrst9g','cmgsezkiy0025gw742wfvmspy',1761523200000,'watering',NULL,NULL,NULL,'{"notes":"1 mL per liter CaMg 1 mL per liter TPS one 2 mL total pH up. 7+1 H2O zero water filter, 100 PPM.","inputEC":0.95,"inputPH":6.2}',NULL,NULL,1761583934776);
INSERT INTO CareLog VALUES('cmh9dlb94003d7aidbrzfxlyv','cmgsezkiy0023gw74mmw3es0z',1761523200000,'watering',NULL,NULL,NULL,'{"notes":"1 mL per liter CaMg 1 mL per liter TPS one 2 mL total pH up. 7+1 H2O zero water filter, 100 PPM.","inputEC":0.95,"inputPH":6.2}',NULL,NULL,1761583934776);
INSERT INTO CareLog VALUES('cmh9dlb94003e7aidlpq1ab49','cmgsezkiv001rgw745guvfw2t',1761523200000,'watering',NULL,NULL,NULL,'{"notes":"1 mL per liter CaMg 1 mL per liter TPS one 2 mL total pH up. 7+1 H2O zero water filter, 100 PPM.","inputEC":0.95,"inputPH":6.2}',NULL,NULL,1761583934776);
INSERT INTO CareLog VALUES('cmh9dlb94003f7aidukj83vmv','cmgsezkio0011gw742moi2gqy',1761523200000,'watering',NULL,NULL,NULL,'{"notes":"1 mL per liter CaMg 1 mL per liter TPS one 2 mL total pH up. 7+1 H2O zero water filter, 100 PPM.","inputEC":0.95,"inputPH":6.2}',NULL,NULL,1761583934776);
INSERT INTO CareLog VALUES('cmh9dlb94003g7aiduwajsws3','cmgsezkin000xgw74jhgpsbkx',1761523200000,'watering',NULL,NULL,NULL,'{"notes":"1 mL per liter CaMg 1 mL per liter TPS one 2 mL total pH up. 7+1 H2O zero water filter, 100 PPM.","inputEC":0.95,"inputPH":6.2}',NULL,NULL,1761583934776);
INSERT INTO CareLog VALUES('cmh9dmgly003i7aidpmr9w2p6','cmgsezkj4002tgw74qejp56ig',1761494400000,'rain',NULL,NULL,NULL,NULL,NULL,NULL,1761583988375);
INSERT INTO CareLog VALUES('cmh9dobgi003j7aidtu8z2bbr','cmgsezkiq0017gw741cm7c6qx',1761436800000,'rain',NULL,NULL,NULL,'{"rainAmount":"heavy","rainDuration":"long"}',NULL,NULL,1761584075010);
INSERT INTO CareLog VALUES('cmh9dobgi003k7aid2hcmowrp','cmgsezkiq0019gw74uslqjgtm',1761436800000,'rain',NULL,NULL,NULL,'{"rainAmount":"heavy","rainDuration":"long"}',NULL,NULL,1761584075010);
INSERT INTO CareLog VALUES('cmh9dobgi003l7aidf298jdvf','cmgsezkj3002pgw74ay37rdm3',1761436800000,'rain',NULL,NULL,NULL,'{"rainAmount":"heavy","rainDuration":"long"}',NULL,NULL,1761584075010);
INSERT INTO CareLog VALUES('cmh9dobgi003m7aidfd3zbbi5','cmgsezkji004fgw743111zejv',1761436800000,'rain',NULL,NULL,NULL,'{"rainAmount":"heavy","rainDuration":"long"}',NULL,NULL,1761584075010);
INSERT INTO CareLog VALUES('cmh9dobgi003n7aidy3ma9l1y','cmgsezkiv001tgw74w17qx7hc',1761436800000,'rain',NULL,NULL,NULL,'{"rainAmount":"heavy","rainDuration":"long"}',NULL,NULL,1761584075010);
INSERT INTO CareLog VALUES('cmh9dobgi003o7aidyqhsihv0','cmgsezkix001zgw74j62tastp',1761436800000,'rain',NULL,NULL,NULL,'{"rainAmount":"heavy","rainDuration":"long"}',NULL,NULL,1761584075010);
INSERT INTO CareLog VALUES('cmh9dobgi003p7aidebo9ab5e','cmgwuif5i001l4n5mzy25tx2q',1761436800000,'rain',NULL,NULL,NULL,'{"rainAmount":"heavy","rainDuration":"long"}',NULL,NULL,1761584075010);
INSERT INTO CareLog VALUES('cmh9dobgi003q7aidoa3yheu8','cmgsezkji004dgw74cea2vbac',1761436800000,'rain',NULL,NULL,NULL,'{"rainAmount":"heavy","rainDuration":"long"}',NULL,NULL,1761584075010);
INSERT INTO CareLog VALUES('cmh9dobgi003r7aideampocmt','cmgsezkjj004jgw74jfbck8m3',1761436800000,'rain',NULL,NULL,NULL,'{"rainAmount":"heavy","rainDuration":"long"}',NULL,NULL,1761584075010);
INSERT INTO CareLog VALUES('cmh9dobgi003s7aidgrwz24ui','cmgsezkjk004lgw7429ndpod8',1761436800000,'rain',NULL,NULL,NULL,'{"rainAmount":"heavy","rainDuration":"long"}',NULL,NULL,1761584075010);
INSERT INTO CareLog VALUES('cmh9dobgi003t7aidb0n9gthv','cmgsezkj5002xgw746by1ljgh',1761436800000,'rain',NULL,NULL,NULL,'{"rainAmount":"heavy","rainDuration":"long"}',NULL,NULL,1761584075010);
INSERT INTO CareLog VALUES('cmh9dobgi003u7aidgr20xvmf','cmgsezkj4002tgw74qejp56ig',1761436800000,'rain',NULL,NULL,NULL,'{"rainAmount":"heavy","rainDuration":"long"}',NULL,NULL,1761584075010);
INSERT INTO CareLog VALUES('cmh9dobgi003v7aid3vrlxbp5','cmgsezkix0021gw7461yjiwmu',1761436800000,'rain',NULL,NULL,NULL,'{"rainAmount":"heavy","rainDuration":"long"}',NULL,NULL,1761584075010);
INSERT INTO CareLog VALUES('cmh9dobgi003w7aid9qy2prkb','cmgsezkiw001vgw74pvxq8ru1',1761436800000,'rain',NULL,NULL,NULL,'{"rainAmount":"heavy","rainDuration":"long"}',NULL,NULL,1761584075010);
INSERT INTO CareLog VALUES('cmh9dobgi003x7aid8w1mwvvv','cmgsezkj5002vgw74dp76jwci',1761436800000,'rain',NULL,NULL,NULL,'{"rainAmount":"heavy","rainDuration":"long"}',NULL,NULL,1761584075010);
INSERT INTO CareLog VALUES('cmh9dobgi003y7aid6bz4z0x3','cmgsezkje003xgw74hwav9bnc',1761436800000,'rain',NULL,NULL,NULL,'{"rainAmount":"heavy","rainDuration":"long"}',NULL,NULL,1761584075010);
INSERT INTO CareLog VALUES('cmh9dobgi003z7aidteiqzmq2','cmgwuhdhu001k4n5m535j8so6',1761436800000,'rain',NULL,NULL,NULL,'{"rainAmount":"heavy","rainDuration":"long"}',NULL,NULL,1761584075010);
INSERT INTO CareLog VALUES('cmh9dobgi00407aidhfxjse17','cmgsezkjf0043gw74wpad4pb6',1761436800000,'rain',NULL,NULL,NULL,'{"rainAmount":"heavy","rainDuration":"long"}',NULL,NULL,1761584075010);
INSERT INTO CareLog VALUES('cmh9dobgi00417aid4onycsvn','cmgsezkjg0045gw74nqdjz5n3',1761436800000,'rain',NULL,NULL,NULL,'{"rainAmount":"heavy","rainDuration":"long"}',NULL,NULL,1761584075010);
INSERT INTO CareLog VALUES('cmh9dobgi00427aidgtqp59ky','cmgsezkjh0049gw74ixrelf90',1761436800000,'rain',NULL,NULL,NULL,'{"rainAmount":"heavy","rainDuration":"long"}',NULL,NULL,1761584075010);
INSERT INTO CareLog VALUES('cmh9dpn7500447aid1jtexuh6','cmgsezkjb003jgw743sfwbm29',1761494400000,'rain',NULL,NULL,NULL,NULL,NULL,NULL,1761584136882);
INSERT INTO CareLog VALUES('cmh9loe7600467aid6m90beo9','cmgsezkje003zgw747z2lsbqn',1761580800000,'watering',NULL,NULL,NULL,'{"inputEC":1,"inputPH":6.1}',NULL,NULL,1761597515490);
INSERT INTO CareLog VALUES('cmh9lp90c00487aidzoxlt2jv','cmgsezkin000zgw74xmwy9v5q',1761580800000,'watering',NULL,NULL,NULL,'{"inputEC":1,"inputPH":6.1}',NULL,NULL,1761597555420);
INSERT INTO CareLog VALUES('cmh9ltqkl004a7aidmy09v8mq','cmgsezkis001fgw74ccl5m7cs',1761580800000,'pruning',NULL,NULL,NULL,'{"notes":"Oldest two leaves removed"}',NULL,NULL,1761597764805);
INSERT INTO CareLog VALUES('cmh9lw732004c7aidxesm1y64','cmgsezkiz0029gw742lwabqmq',1761580800000,'pruning',NULL,NULL,NULL,'{"notes":"Cut two old leaves"}',NULL,NULL,1761597879519);
INSERT INTO CareLog VALUES('cmh9lxhba004e7aidfpt96i7y','cmgsezkjk004lgw7429ndpod8',1761580800000,'pruning',NULL,NULL,NULL,'{"notes":"Cut off one full leaf and trimmed burned leaves"}',NULL,NULL,1761597939431);
INSERT INTO CareLog VALUES('cmh9ly4q3004g7aidjqorr9e7','cmgsezkjf0043gw74wpad4pb6',1761580800000,'pruning',NULL,NULL,NULL,'{"notes":"Cut three of five leaves. Struggling to adapt"}',NULL,NULL,1761597969772);
INSERT INTO CareLog VALUES('cmh9m24kw004i7aidq2cnbtbg','cmgsezkjh0049gw74ixrelf90',1761580800000,'other',NULL,NULL,NULL,'{"notes":"Plant struggling to adapt to repotting and damaged with wind while I was away. Moved to grow tent "}',NULL,NULL,1761598156208);
INSERT INTO CareLog VALUES('cmhavazgq004y7aid5wkkaf7t','cmgsezkja003fgw74ovapo3yl',1761667200000,'watering',NULL,NULL,NULL,'{"notes":"used reclaimed rain water","inputEC":0.05,"inputPH":7.2}',NULL,NULL,1761674152202);
INSERT INTO CareLog VALUES('cmhb1uy8f004z7aidijemdqjf','cmgsezkin000zgw74xmwy9v5q',1761609600000,'watering',NULL,NULL,NULL,'{"notes":"Zero water w spent filter- 1ml/L CaMg 1ml/L ","inputEC":0.95,"inputPH":5.95}',NULL,NULL,1761685161423);
INSERT INTO CareLog VALUES('cmhb1uy8f00507aidzhy987gp','cmgsezkiz0029gw742lwabqmq',1761609600000,'watering',NULL,NULL,NULL,'{"notes":"Zero water w spent filter- 1ml/L CaMg 1ml/L ","inputEC":0.95,"inputPH":5.95}',NULL,NULL,1761685161423);
INSERT INTO CareLog VALUES('cmhb1uy8f00517aid0uwpm38q','cmgsezkis001fgw74ccl5m7cs',1761609600000,'watering',NULL,NULL,NULL,'{"notes":"Zero water w spent filter- 1ml/L CaMg 1ml/L ","inputEC":0.95,"inputPH":5.95}',NULL,NULL,1761685161423);
INSERT INTO CareLog VALUES('cmhb1uy8f00527aidxuj418gv','cmgsezkj0002dgw74niow603y',1761609600000,'watering',NULL,NULL,NULL,'{"notes":"Zero water w spent filter- 1ml/L CaMg 1ml/L ","inputEC":0.95,"inputPH":5.95}',NULL,NULL,1761685161423);
INSERT INTO CareLog VALUES('cmhb1uy8f00537aidhw2pbrg3','cmgsezkj2002ngw74raw9hke9',1761609600000,'watering',NULL,NULL,NULL,'{"notes":"Zero water w spent filter- 1ml/L CaMg 1ml/L ","inputEC":0.95,"inputPH":5.95}',NULL,NULL,1761685161423);
INSERT INTO CareLog VALUES('cmhb1uy8f00547aidai23dnkj','cmgsezkj2002lgw74cij26116',1761609600000,'watering',NULL,NULL,NULL,'{"notes":"Zero water w spent filter- 1ml/L CaMg 1ml/L ","inputEC":0.95,"inputPH":5.95}',NULL,NULL,1761685161423);
INSERT INTO CareLog VALUES('cmhb1uy8f00557aidfdm0stef','cmgsezkjb003ngw747rvx7viw',1761609600000,'watering',NULL,NULL,NULL,'{"notes":"Zero water w spent filter- 1ml/L CaMg 1ml/L ","inputEC":0.95,"inputPH":5.95}',NULL,NULL,1761685161423);
INSERT INTO CareLog VALUES('cmhb1uy8f00567aid8bb34ctg','cmgsezkjc003pgw74hkchzz6p',1761609600000,'watering',NULL,NULL,NULL,'{"notes":"Zero water w spent filter- 1ml/L CaMg 1ml/L ","inputEC":0.95,"inputPH":5.95}',NULL,NULL,1761685161423);
INSERT INTO CareLog VALUES('cmhb1uy8f00577aid2lydse6r','cmgsezkip0015gw7469zox65i',1761609600000,'watering',NULL,NULL,NULL,'{"notes":"Zero water w spent filter- 1ml/L CaMg 1ml/L ","inputEC":0.95,"inputPH":5.95}',NULL,NULL,1761685161423);
INSERT INTO CareLog VALUES('cmhb1uy8f00587aidisl3zg98','cmgsezkjd003vgw74tcaceemk',1761609600000,'watering',NULL,NULL,NULL,'{"notes":"Zero water w spent filter- 1ml/L CaMg 1ml/L ","inputEC":0.95,"inputPH":5.95}',NULL,NULL,1761685161423);
INSERT INTO CareLog VALUES('cmhb1uy8f00597aidk0san8kq','cmgsezkjf0041gw74hdemtn2f',1761609600000,'watering',NULL,NULL,NULL,'{"notes":"Zero water w spent filter- 1ml/L CaMg 1ml/L ","inputEC":0.95,"inputPH":5.95}',NULL,NULL,1761685161423);
INSERT INTO CareLog VALUES('cmhb1uy8f005a7aid2eqhm6vt','cmgsezkjg0047gw74tozb8195',1761609600000,'watering',NULL,NULL,NULL,'{"notes":"Zero water w spent filter- 1ml/L CaMg 1ml/L ","inputEC":0.95,"inputPH":5.95}',NULL,NULL,1761685161423);
INSERT INTO CareLog VALUES('cmhb1vkro005c7aidrvv0w0hq','cmgsezkj9003dgw741iifryqi',1761667200000,'watering',NULL,NULL,NULL,'{"inputEC":0.95,"inputPH":5.95}',NULL,NULL,1761685190629);
INSERT INTO CareLog VALUES('cmhb1vzu7005e7aid3xv7j8d2','cmgsezkjh004bgw74r8t5rejr',1761667200000,'watering',NULL,NULL,NULL,'{"inputEC":0.95,"inputPH":5.95}',NULL,NULL,1761685210159);
INSERT INTO CareLog VALUES('cmhcvd9dj005g7aidz4830s9w','cmgsezkjj004hgw741plapojf',1761753600000,'repotting',NULL,NULL,NULL,'{"notes":"From grower 5in orchid pot to 1g black pot w drainage. Base of LECA topped with 4.0 aroid mix and great white. Also cut pup for division and planted in new 5in orchid pot with same substrate. "}',NULL,NULL,1761795190712);
INSERT INTO CareLog VALUES('cmhcviv2k005j7aidohgp7toh','cmhcvf641005h7aidif7v7fxf',1761753600000,'rain',NULL,NULL,NULL,NULL,NULL,NULL,1761795452108);
INSERT INTO CareLog VALUES('cmhcvjpze005k7aidu1xcjyp6','cmgsezkiq0017gw741cm7c6qx',1761696000000,'rain',NULL,NULL,NULL,'{"rainAmount":"medium","rainDuration":"medium"}',NULL,NULL,1761795492170);
INSERT INTO CareLog VALUES('cmhcvjpze005l7aidlgdamjft','cmgsezkiq0019gw74uslqjgtm',1761696000000,'rain',NULL,NULL,NULL,'{"rainAmount":"medium","rainDuration":"medium"}',NULL,NULL,1761795492170);
INSERT INTO CareLog VALUES('cmhcvjpze005m7aidw74hv6li','cmgsezkj3002pgw74ay37rdm3',1761696000000,'rain',NULL,NULL,NULL,'{"rainAmount":"medium","rainDuration":"medium"}',NULL,NULL,1761795492170);
INSERT INTO CareLog VALUES('cmhcvjpze005n7aidlb7yho9j','cmgsezkji004fgw743111zejv',1761696000000,'rain',NULL,NULL,NULL,'{"rainAmount":"medium","rainDuration":"medium"}',NULL,NULL,1761795492170);
INSERT INTO CareLog VALUES('cmhcvjpze005o7aidj53pts3r','cmgsezkiv001tgw74w17qx7hc',1761696000000,'rain',NULL,NULL,NULL,'{"rainAmount":"medium","rainDuration":"medium"}',NULL,NULL,1761795492170);
INSERT INTO CareLog VALUES('cmhcvjpze005p7aidxag6p8ec','cmgsezkix001zgw74j62tastp',1761696000000,'rain',NULL,NULL,NULL,'{"rainAmount":"medium","rainDuration":"medium"}',NULL,NULL,1761795492170);
INSERT INTO CareLog VALUES('cmhcvjpze005q7aidyp5ae9xs','cmgwuif5i001l4n5mzy25tx2q',1761696000000,'rain',NULL,NULL,NULL,'{"rainAmount":"medium","rainDuration":"medium"}',NULL,NULL,1761795492170);
INSERT INTO CareLog VALUES('cmhcvjpze005r7aiddj231pxp','cmgsezkji004dgw74cea2vbac',1761696000000,'rain',NULL,NULL,NULL,'{"rainAmount":"medium","rainDuration":"medium"}',NULL,NULL,1761795492170);
INSERT INTO CareLog VALUES('cmhcvjpze005s7aidsepu3pk9','cmgsezkjj004jgw74jfbck8m3',1761696000000,'rain',NULL,NULL,NULL,'{"rainAmount":"medium","rainDuration":"medium"}',NULL,NULL,1761795492170);
INSERT INTO CareLog VALUES('cmhcvjpze005t7aidgwpaj9gk','cmgsezkjk004lgw7429ndpod8',1761696000000,'rain',NULL,NULL,NULL,'{"rainAmount":"medium","rainDuration":"medium"}',NULL,NULL,1761795492170);
INSERT INTO CareLog VALUES('cmhcvjpze005u7aidr289ve9c','cmgsezkj5002xgw746by1ljgh',1761696000000,'rain',NULL,NULL,NULL,'{"rainAmount":"medium","rainDuration":"medium"}',NULL,NULL,1761795492170);
INSERT INTO CareLog VALUES('cmhcvjpze005v7aidu8us1st7','cmgsezkj4002tgw74qejp56ig',1761696000000,'rain',NULL,NULL,NULL,'{"rainAmount":"medium","rainDuration":"medium"}',NULL,NULL,1761795492170);
INSERT INTO CareLog VALUES('cmhcvjpze005w7aidu0nd7quv','cmgsezkjb003jgw743sfwbm29',1761696000000,'rain',NULL,NULL,NULL,'{"rainAmount":"medium","rainDuration":"medium"}',NULL,NULL,1761795492170);
INSERT INTO CareLog VALUES('cmhcvjpze005x7aidejszwjoh','cmgsezkix0021gw7461yjiwmu',1761696000000,'rain',NULL,NULL,NULL,'{"rainAmount":"medium","rainDuration":"medium"}',NULL,NULL,1761795492170);
INSERT INTO CareLog VALUES('cmhcvjpze005y7aid3meagewd','cmgsezkiw001vgw74pvxq8ru1',1761696000000,'rain',NULL,NULL,NULL,'{"rainAmount":"medium","rainDuration":"medium"}',NULL,NULL,1761795492170);
INSERT INTO CareLog VALUES('cmhcvjpze005z7aid3457xqon','cmgsezkj5002vgw74dp76jwci',1761696000000,'rain',NULL,NULL,NULL,'{"rainAmount":"medium","rainDuration":"medium"}',NULL,NULL,1761795492170);
INSERT INTO CareLog VALUES('cmhcvjpze00607aidd5x122g6','cmgsezkje003xgw74hwav9bnc',1761696000000,'rain',NULL,NULL,NULL,'{"rainAmount":"medium","rainDuration":"medium"}',NULL,NULL,1761795492170);
INSERT INTO CareLog VALUES('cmhcvjpze00617aidoyfn00g0','cmgwuhdhu001k4n5m535j8so6',1761696000000,'rain',NULL,NULL,NULL,'{"rainAmount":"medium","rainDuration":"medium"}',NULL,NULL,1761795492170);
INSERT INTO CareLog VALUES('cmhcvjpze00627aidph9e4xug','cmgsezkjg0045gw74nqdjz5n3',1761696000000,'rain',NULL,NULL,NULL,'{"rainAmount":"medium","rainDuration":"medium"}',NULL,NULL,1761795492170);
INSERT INTO CareLog VALUES('cmhdmeun900647aid8mtgpsve','cmhcvf641005h7aidif7v7fxf',1761840000000,'watering',NULL,NULL,NULL,'{"notes":"First flush. ","inputEC":0.79,"inputPH":6.14,"outputEC":0.92,"outputPH":4.88}',NULL,NULL,1761840614565);
INSERT INTO CareLog VALUES('cmhdmig7j00667aidxjey938a','cmgsezkjj004hgw741plapojf',1761840000000,'fertilizing',NULL,113.5799999999999983,'ml/L ml/L ml/L','{"notes":"Zero water starting 0ppm 6.3 pre additives","inputEC":0.79,"inputPH":6.13,"outputEC":0.8,"outputPH":4.7}',NULL,NULL,1761840782480);
INSERT INTO CareLog VALUES('cmhdz6al300004827qev2p7v5','cmgsezkis001fgw74ccl5m7cs',1761782400000,'fertilizing',NULL,113.5,'// ph up','{"inputEC":0.79,"inputPH":6.13}',NULL,NULL,1761862050327);
INSERT INTO CareLog VALUES('cmhdz6al3000148276otyp9le','cmgsezkis001hgw74qz33cdlh',1761782400000,'fertilizing',NULL,113.5,'// ph up','{"inputEC":0.79,"inputPH":6.13}',NULL,NULL,1761862050327);
INSERT INTO CareLog VALUES('cmhdz6al300024827csywbrvd','cmgsezkj6002zgw744z7vg0xi',1761782400000,'fertilizing',NULL,113.5,'// ph up','{"inputEC":0.79,"inputPH":6.13}',NULL,NULL,1761862050327);
INSERT INTO CareLog VALUES('cmhdz6al300034827fyrytbaa','cmgsezkj60031gw74dmy7kj3v',1761782400000,'fertilizing',NULL,113.5,'// ph up','{"inputEC":0.79,"inputPH":6.13}',NULL,NULL,1761862050327);
INSERT INTO CareLog VALUES('cmhdz6al300044827hpf1v1nr','cmgsezkj70033gw749vd43ass',1761782400000,'fertilizing',NULL,113.5,'// ph up','{"inputEC":0.79,"inputPH":6.13}',NULL,NULL,1761862050327);
INSERT INTO CareLog VALUES('cmhdz6al300054827g7jfusma','cmgsezkj80037gw74hz5pirxd',1761782400000,'fertilizing',NULL,113.5,'// ph up','{"inputEC":0.79,"inputPH":6.13}',NULL,NULL,1761862050327);
INSERT INTO CareLog VALUES('cmhdz6al300064827pegmmj3b','cmgsezkj9003dgw741iifryqi',1761782400000,'fertilizing',NULL,113.5,'// ph up','{"inputEC":0.79,"inputPH":6.13}',NULL,NULL,1761862050327);
INSERT INTO CareLog VALUES('cmhdz6al300074827ocyv8z5x','cmgsezkj2002lgw74cij26116',1761782400000,'fertilizing',NULL,113.5,'// ph up','{"inputEC":0.79,"inputPH":6.13}',NULL,NULL,1761862050327);
INSERT INTO CareLog VALUES('cmhdz6al300084827vpw3rvt2','cmgsezkjc003pgw74hkchzz6p',1761782400000,'fertilizing',NULL,113.5,'// ph up','{"inputEC":0.79,"inputPH":6.13}',NULL,NULL,1761862050327);
INSERT INTO CareLog VALUES('cmhdz6al300094827genj24jt','cmgsezkje003zgw747z2lsbqn',1761782400000,'fertilizing',NULL,113.5,'// ph up','{"inputEC":0.79,"inputPH":6.13}',NULL,NULL,1761862050327);
INSERT INTO CareLog VALUES('cmhdz6al3000a4827yczwc29h','cmgsezkjf0041gw74hdemtn2f',1761782400000,'fertilizing',NULL,113.5,'// ph up','{"inputEC":0.79,"inputPH":6.13}',NULL,NULL,1761862050327);
INSERT INTO CareLog VALUES('cmhdz6al3000b4827slasxnkf','cmgsezkjh004bgw74r8t5rejr',1761782400000,'fertilizing',NULL,113.5,'// ph up','{"inputEC":0.79,"inputPH":6.13}',NULL,NULL,1761862050327);
INSERT INTO CareLog VALUES('cmhggl9fi00214827g9kmbpri','cmgsezkio0011gw742moi2gqy',1762012800000,'fertilizing',NULL,718124.0,'L/L- // CaMg/ONE/phup','{"inputEC":0.97,"inputPH":6.1,"outputEC":0.9,"outputPH":5.9}',NULL,NULL,1762012234494);
INSERT INTO CareLog VALUES('cmhggnu7600234827r95sauwo','cmgsezkin000xgw74jhgpsbkx',1762012800000,'fertilizing',NULL,718124.0,'/ - // CaMg/ONE/ph','{"inputEC":0.97,"inputPH":6.1,"outputEC":4.26,"outputPH":4.86}',NULL,NULL,1762012354722);
INSERT INTO CareLog VALUES('cmhggum2d00264827d7r6tej7','cmhggqnvj00244827johwzezi',1762012800000,'fertilizing',NULL,718124.0,'+ //','{"notes":"First time tracking. Added to db late ","inputEC":0.97,"inputPH":6.1,"outputEC":1.96,"outputPH":4.74}',NULL,NULL,1762012670773);
INSERT INTO CareLog VALUES('cmhggx5db002c48271humr4go','cmgsezkj80039gw74r26btl52',1762012800000,'fertilizing',NULL,718124.0,'+ //','{"inputEC":0.96,"inputPH":6.1,"outputEC":1.03,"outputPH":4.9}',NULL,NULL,1762012789104);
INSERT INTO CareLog VALUES('cmhggzzgm002k4827ma1p1m0b','cmgsezkiv001rgw745guvfw2t',1762012800000,'fertilizing',NULL,718124.0,'+ //','{"inputEC":0.96,"inputPH":6.1,"outputEC":1.3,"outputPH":5.55}',NULL,NULL,1762012921415);
INSERT INTO CareLog VALUES('cmhgh3ntc002s48271l7ftf7h','cmgsezkjh0049gw74ixrelf90',1762012800000,'fertilizing',NULL,718124.0,'+ --','{"inputEC":0.97,"inputPH":6.1,"outputEC":1,"outputPH":5.34}',NULL,NULL,1762013092944);
INSERT INTO CareLog VALUES('cmhgha78k002y4827csqtdxqf','cmhcvf641005h7aidif7v7fxf',1762012800000,'fertilizing',NULL,718124.0,'+ --','{"inputEC":0.97,"inputPH":6.1,"outputEC":1.02,"outputPH":5.07}',NULL,NULL,1762013398053);
INSERT INTO CareLog VALUES('cmhhyo03i0035482751uc0elg','cmgsezkiq0017gw741cm7c6qx',1762041600000,'fertilizing',NULL,8124.0,'--','{"inputEC":0.9,"inputPH":6}',NULL,NULL,1762103061631);
INSERT INTO CareLog VALUES('cmhhyo03i00364827sw14885k','cmgsezkiq0019gw74uslqjgtm',1762041600000,'fertilizing',NULL,8124.0,'--','{"inputEC":0.9,"inputPH":6}',NULL,NULL,1762103061631);
INSERT INTO CareLog VALUES('cmhhyo03i00374827cq2qdmm3','cmgsezkj3002pgw74ay37rdm3',1762041600000,'fertilizing',NULL,8124.0,'--','{"inputEC":0.9,"inputPH":6}',NULL,NULL,1762103061631);
INSERT INTO CareLog VALUES('cmhhyo03i003848271w2pzh27','cmgsezkji004fgw743111zejv',1762041600000,'fertilizing',NULL,8124.0,'--','{"inputEC":0.9,"inputPH":6}',NULL,NULL,1762103061631);
INSERT INTO CareLog VALUES('cmhhyo03j003948278g8fyuim','cmgsezkiv001tgw74w17qx7hc',1762041600000,'fertilizing',NULL,8124.0,'--','{"inputEC":0.9,"inputPH":6}',NULL,NULL,1762103061631);
INSERT INTO CareLog VALUES('cmhhyo03j003a4827644g9mwt','cmgsezkix001zgw74j62tastp',1762041600000,'fertilizing',NULL,8124.0,'--','{"inputEC":0.9,"inputPH":6}',NULL,NULL,1762103061631);
INSERT INTO CareLog VALUES('cmhhyo03j003b4827pc2u3poc','cmgwuif5i001l4n5mzy25tx2q',1762041600000,'fertilizing',NULL,8124.0,'--','{"inputEC":0.9,"inputPH":6}',NULL,NULL,1762103061631);
INSERT INTO CareLog VALUES('cmhhyo03j003c4827d9g184r2','cmgsezkji004dgw74cea2vbac',1762041600000,'fertilizing',NULL,8124.0,'--','{"inputEC":0.9,"inputPH":6}',NULL,NULL,1762103061631);
INSERT INTO CareLog VALUES('cmhhyo03j003d48270fjtveyv','cmgsezkjj004jgw74jfbck8m3',1762041600000,'fertilizing',NULL,8124.0,'--','{"inputEC":0.9,"inputPH":6}',NULL,NULL,1762103061631);
INSERT INTO CareLog VALUES('cmhhyo03j003e4827p8wnrljr','cmgsezkjk004lgw7429ndpod8',1762041600000,'fertilizing',NULL,8124.0,'--','{"inputEC":0.9,"inputPH":6}',NULL,NULL,1762103061631);
INSERT INTO CareLog VALUES('cmhhyo03j003f4827nkm4p39d','cmgsezkj5002xgw746by1ljgh',1762041600000,'fertilizing',NULL,8124.0,'--','{"inputEC":0.9,"inputPH":6}',NULL,NULL,1762103061631);
INSERT INTO CareLog VALUES('cmhhyo03j003g48275dg5kgak','cmgsezkj4002tgw74qejp56ig',1762041600000,'fertilizing',NULL,8124.0,'--','{"inputEC":0.9,"inputPH":6}',NULL,NULL,1762103061631);
INSERT INTO CareLog VALUES('cmhhyo03j003h4827w3xmnrur','cmgsezkjb003jgw743sfwbm29',1762041600000,'fertilizing',NULL,8124.0,'--','{"inputEC":0.9,"inputPH":6}',NULL,NULL,1762103061631);
INSERT INTO CareLog VALUES('cmhhyo03j003i48275xy06mmi','cmgsezkix0021gw7461yjiwmu',1762041600000,'fertilizing',NULL,8124.0,'--','{"inputEC":0.9,"inputPH":6}',NULL,NULL,1762103061631);
INSERT INTO CareLog VALUES('cmhhyo03j003j4827dfdd1enu','cmgsezkiw001vgw74pvxq8ru1',1762041600000,'fertilizing',NULL,8124.0,'--','{"inputEC":0.9,"inputPH":6}',NULL,NULL,1762103061631);
INSERT INTO CareLog VALUES('cmhhyo03j003k4827bgpjtj9o','cmgsezkj5002vgw74dp76jwci',1762041600000,'fertilizing',NULL,8124.0,'--','{"inputEC":0.9,"inputPH":6}',NULL,NULL,1762103061631);
INSERT INTO CareLog VALUES('cmhhyo03j003l48277l8xomtt','cmgsezkje003xgw74hwav9bnc',1762041600000,'fertilizing',NULL,8124.0,'--','{"inputEC":0.9,"inputPH":6}',NULL,NULL,1762103061631);
INSERT INTO CareLog VALUES('cmhhyo03j003m4827msh2193i','cmgwuhdhu001k4n5m535j8so6',1762041600000,'fertilizing',NULL,8124.0,'--','{"inputEC":0.9,"inputPH":6}',NULL,NULL,1762103061631);
INSERT INTO CareLog VALUES('cmhhyo03j003n4827h4ns4bgz','cmgsezkjg0045gw74nqdjz5n3',1762041600000,'fertilizing',NULL,8124.0,'--','{"inputEC":0.9,"inputPH":6}',NULL,NULL,1762103061631);
INSERT INTO CareLog VALUES('cmhjgbm04004748276ir9x54s','cmgsezkis001fgw74ccl5m7cs',1762189200000,'watering',NULL,NULL,NULL,'{"inputEC":0.9,"inputPH":6.1}',NULL,NULL,1762193182757);
INSERT INTO CareLog VALUES('cmhjgdaba00494827a7u5whlz','cmgsezkj2002lgw74cij26116',1762189200000,'watering',NULL,NULL,NULL,'{"inputEC":0.9,"inputPH":6.1}',NULL,NULL,1762193260918);
INSERT INTO CareLog VALUES('cmhjgdvjf004b4827aj5y752j','cmgsezkjf0041gw74hdemtn2f',1762189200000,'watering',NULL,NULL,NULL,'{"inputEC":0.9,"inputPH":6.1}',NULL,NULL,1762193288427);
INSERT INTO CareLog VALUES('cmhkqn5td004x4827pxxuhnj8','cmgsezkit001lgw74anwr2r6v',1762189200000,'fertilizing',NULL,8.0,'L','{"inputEC":1.1,"inputPH":6,"outputEC":0.99,"outputPH":5.34}',NULL,NULL,1762270983985);
INSERT INTO CareLog VALUES('cmhkqor74004z4827t8sb6wge','cmgsezkiu001ngw742t5x2euz',1762189200000,'fertilizing',NULL,8.0,'L','{"inputEC":1.1,"inputPH":6,"outputEC":0.7,"outputPH":5.34}',NULL,NULL,1762271058352);
INSERT INTO CareLog VALUES('cmhkqqomz00514827cwnuqq8r','cmgsezkjf0043gw74wpad4pb6',1762189200000,'fertilizing',NULL,8.0,'L','{"notes":"Struggling to establish. Primary leaf starting to droop. ","inputEC":1.1,"inputPH":6,"outputEC":0.91,"outputPH":5.76}',NULL,NULL,1762271148347);
INSERT INTO CareLog VALUES('cmhkqsrv7005348274p85bct1','cmhcvf641005h7aidif7v7fxf',1762189200000,'fertilizing',NULL,8.0,'L','{"inputEC":1.1,"inputPH":6,"outputEC":1.14,"outputPH":5.1}',NULL,NULL,1762271245843);
INSERT INTO CareLog VALUES('cmhkqxq6u005648271rzf3uri','cmhkquz7000544827jap4vmyn',1762189200000,'fertilizing',NULL,8.0,'L','{"inputEC":1.1,"inputPH":6,"outputEC":1.31,"outputPH":5.13}',NULL,NULL,1762271476951);
INSERT INTO CareLog VALUES('cmhkr124p0059482760idsnxz','cmhkqzaiw00574827j9uuzyf6',1762189200000,'fertilizing',NULL,8.0,'L','{"inputEC":1.1,"inputPH":6,"outputEC":1.07,"outputPH":5.32}',NULL,NULL,1762271632394);
INSERT INTO CareLog VALUES('cmhkr5a9x005c4827lg3wkwy9','cmhkr2tf6005a4827d0z7fikf',1762275600000,'fertilizing',NULL,8.0,'L','{"inputEC":1.1,"inputPH":6,"outputEC":1.52,"outputPH":5.23}',NULL,NULL,1762271829574);
INSERT INTO CareLog VALUES('cmhkr5zje005e4827nffj11xp','cmgsezkit001jgw74f1l5lkoq',1762275600000,'watering',NULL,NULL,NULL,'{"inputEC":1.1,"inputPH":6}',NULL,NULL,1762271862315);
INSERT INTO CareLog VALUES('cmhnn26y30000wjax2jh9vhtd','cmgsezkiq0017gw741cm7c6qx',1762387200000,'fertilizing',NULL,81248.0,'ml camg  TPS one, mlph up L','{"notes":"standard feed","inputEC":0.95,"inputPH":6.05}',NULL,NULL,1762446365355);
INSERT INTO CareLog VALUES('cmhnn26y30001wjaxug0w5tsz','cmgsezkiq0019gw74uslqjgtm',1762387200000,'fertilizing',NULL,81248.0,'ml camg  TPS one, mlph up L','{"notes":"standard feed","inputEC":0.95,"inputPH":6.05}',NULL,NULL,1762446365355);
INSERT INTO CareLog VALUES('cmhnn26y30002wjaxcztoxk3n','cmgsezkj3002pgw74ay37rdm3',1762387200000,'fertilizing',NULL,81248.0,'ml camg  TPS one, mlph up L','{"notes":"standard feed","inputEC":0.95,"inputPH":6.05}',NULL,NULL,1762446365355);
INSERT INTO CareLog VALUES('cmhnn26y30003wjaxd4yr5853','cmgsezkji004fgw743111zejv',1762387200000,'fertilizing',NULL,81248.0,'ml camg  TPS one, mlph up L','{"notes":"standard feed","inputEC":0.95,"inputPH":6.05}',NULL,NULL,1762446365355);
INSERT INTO CareLog VALUES('cmhnn26y30004wjaxf0rqlgxe','cmgsezkiv001tgw74w17qx7hc',1762387200000,'fertilizing',NULL,81248.0,'ml camg  TPS one, mlph up L','{"notes":"standard feed","inputEC":0.95,"inputPH":6.05}',NULL,NULL,1762446365355);
INSERT INTO CareLog VALUES('cmhnn26y30005wjaxpum4jyz3','cmgsezkix001zgw74j62tastp',1762387200000,'fertilizing',NULL,81248.0,'ml camg  TPS one, mlph up L','{"notes":"standard feed","inputEC":0.95,"inputPH":6.05}',NULL,NULL,1762446365355);
INSERT INTO CareLog VALUES('cmhnn26y30006wjaxhwanorul','cmgwuif5i001l4n5mzy25tx2q',1762387200000,'fertilizing',NULL,81248.0,'ml camg  TPS one, mlph up L','{"notes":"standard feed","inputEC":0.95,"inputPH":6.05}',NULL,NULL,1762446365355);
INSERT INTO CareLog VALUES('cmhnn26y30007wjaxxwkcjuya','cmgsezkji004dgw74cea2vbac',1762387200000,'fertilizing',NULL,81248.0,'ml camg  TPS one, mlph up L','{"notes":"standard feed","inputEC":0.95,"inputPH":6.05}',NULL,NULL,1762446365355);
INSERT INTO CareLog VALUES('cmhnn26y30008wjaxggkmjyhi','cmgsezkjj004jgw74jfbck8m3',1762387200000,'fertilizing',NULL,81248.0,'ml camg  TPS one, mlph up L','{"notes":"standard feed","inputEC":0.95,"inputPH":6.05}',NULL,NULL,1762446365355);
INSERT INTO CareLog VALUES('cmhnn26y30009wjaxjy5sef0v','cmgsezkjk004lgw7429ndpod8',1762387200000,'fertilizing',NULL,81248.0,'ml camg  TPS one, mlph up L','{"notes":"standard feed","inputEC":0.95,"inputPH":6.05}',NULL,NULL,1762446365355);
INSERT INTO CareLog VALUES('cmhnn26y3000awjaxba2pu79x','cmgsezkj5002xgw746by1ljgh',1762387200000,'fertilizing',NULL,81248.0,'ml camg  TPS one, mlph up L','{"notes":"standard feed","inputEC":0.95,"inputPH":6.05}',NULL,NULL,1762446365355);
INSERT INTO CareLog VALUES('cmhnn26y3000bwjaxzh8qlw7z','cmgsezkjb003jgw743sfwbm29',1762387200000,'fertilizing',NULL,81248.0,'ml camg  TPS one, mlph up L','{"notes":"standard feed","inputEC":0.95,"inputPH":6.05}',NULL,NULL,1762446365355);
INSERT INTO CareLog VALUES('cmhnn26y3000cwjaxz93oq4j2','cmgsezkix0021gw7461yjiwmu',1762387200000,'fertilizing',NULL,81248.0,'ml camg  TPS one, mlph up L','{"notes":"standard feed","inputEC":0.95,"inputPH":6.05}',NULL,NULL,1762446365355);
INSERT INTO CareLog VALUES('cmhnn26y3000dwjax43sju70i','cmgsezkiw001vgw74pvxq8ru1',1762387200000,'fertilizing',NULL,81248.0,'ml camg  TPS one, mlph up L','{"notes":"standard feed","inputEC":0.95,"inputPH":6.05}',NULL,NULL,1762446365355);
INSERT INTO CareLog VALUES('cmhnn26y3000ewjaxzyk3egtl','cmgsezkj5002vgw74dp76jwci',1762387200000,'fertilizing',NULL,81248.0,'ml camg  TPS one, mlph up L','{"notes":"standard feed","inputEC":0.95,"inputPH":6.05}',NULL,NULL,1762446365355);
INSERT INTO CareLog VALUES('cmhnn26y3000fwjax70n3550q','cmgwuhdhu001k4n5m535j8so6',1762387200000,'fertilizing',NULL,81248.0,'ml camg  TPS one, mlph up L','{"notes":"standard feed","inputEC":0.95,"inputPH":6.05}',NULL,NULL,1762446365355);
INSERT INTO CareLog VALUES('cmhnn26y3000gwjaxj3o7bw1d','cmgsezkjg0045gw74nqdjz5n3',1762387200000,'fertilizing',NULL,81248.0,'ml camg  TPS one, mlph up L','{"notes":"standard feed","inputEC":0.95,"inputPH":6.05}',NULL,NULL,1762446365355);
INSERT INTO CareLog VALUES('cmhnn4lfq000iwjaxbyvh95pp','cmgsezkjh0049gw74ixrelf90',1762362000000,'fertilizing',NULL,NULL,'standard camg/one/ph mix','{"inputEC":0.95,"inputPH":6.05,"outputEC":1.01,"outputPH":5.65}',NULL,NULL,1762446477446);
INSERT INTO CareLog VALUES('cmhnn6j2w000kwjaxabtpy36p','cmgsezkjd003vgw74tcaceemk',1762362000000,'fertilizing',NULL,NULL,NULL,'{"notes":"standard mix","inputEC":0.95,"inputPH":6.01,"outputEC":0.99,"outputPH":6.27}',NULL,NULL,1762446567704);
INSERT INTO CareLog VALUES('cmhnn89cc000mwjaxq7gha8px','cmgsezkj60031gw74dmy7kj3v',1762448400000,'fertilizing',NULL,NULL,NULL,'{"inputEC":0.95,"inputPH":6.05,"outputEC":1.2,"outputPH":5.7}',NULL,NULL,1762446648397);
INSERT INTO CareLog VALUES('cmhnna1kp000owjaxizuyqljv','cmgsezkja003hgw74cry941wr',1762448400000,'fertilizing',NULL,NULL,NULL,'{"inputEC":0.95,"inputPH":6.05,"outputEC":0.92,"outputPH":5.66}',NULL,NULL,1762446731641);
INSERT INTO CareLog VALUES('cmhnnbwew000qwjaxxkzsd278','cmgsezkj9003bgw74cqa3rkjx',1762362000000,'fertilizing',NULL,NULL,NULL,'{"inputEC":0.95,"inputPH":6.05,"outputEC":0.91,"outputPH":5.51}',NULL,NULL,1762446818265);
INSERT INTO CareLog VALUES('cmhnnjjpd000swjaxspsb5y07','cmgsezkin000zgw74xmwy9v5q',1762189200000,'fertilizing',NULL,NULL,NULL,'{"inputEC":1.1,"inputPH":6}',NULL,NULL,1762447175041);
INSERT INTO CareLog VALUES('cmhnq9sdd000uwjaxk5iireks','cmgsezkjb003lgw74nmxn50qw',1762448400000,'pest_discovery',NULL,NULL,NULL,'{"pestType":"spider_mites","severity":"mild","affectedArea":"petioles of mature leaves with webbing and some stipling in new leaves"}',NULL,NULL,1762451758561);
CREATE TABLE IF NOT EXISTS "FloweringCycle" (
    "id" TEXT NOT NULL PRIMARY KEY,
    "plantId" TEXT NOT NULL,
    "spatheEmergence" DATETIME,
    "femaleStart" DATETIME,
    "femaleEnd" DATETIME,
    "maleStart" DATETIME,
    "maleEnd" DATETIME,
    "spatheClose" DATETIME,
    "pollenCollected" BOOLEAN NOT NULL DEFAULT false,
    "pollenQuality" TEXT,
    "pollenStored" BOOLEAN NOT NULL DEFAULT false,
    "pollenStorageDate" DATETIME,
    "crossesAttempted" TEXT NOT NULL DEFAULT '[]',
    "seedsProduced" INTEGER,
    "temperature" REAL,
    "humidity" REAL,
    "notes" TEXT,
    "createdAt" DATETIME NOT NULL DEFAULT CURRENT_TIMESTAMP,
    "updatedAt" DATETIME NOT NULL,
    CONSTRAINT "FloweringCycle_plantId_fkey" FOREIGN KEY ("plantId") REFERENCES "Plant" ("id") ON DELETE CASCADE ON UPDATE CASCADE
);
INSERT INTO FloweringCycle VALUES('cmgwh9nmi0001romo4m6fm1vi','cmgsezkj2002lgw74cij26116',1760745600000,1760918400000,1761091200000,NULL,NULL,NULL,0,NULL,0,NULL,'[]',NULL,NULL,NULL,'Updated with female phase dates',1760804049114,1760804066910);
INSERT INTO FloweringCycle VALUES('cmgwha8h70003romoamd08wwe','cmgsezkj2002lgw74cij26116',1760832000000,NULL,NULL,NULL,NULL,NULL,0,NULL,0,NULL,'[]',NULL,NULL,NULL,'Second flower on pup - overlapping with main plant cycle',1760804076140,1760804076140);
INSERT INTO FloweringCycle VALUES('cmgwidqi800034n5m10t4940c','cmgsezkip0013gw74wh66x8oc',1758931200000,1760659200000,NULL,NULL,NULL,NULL,0,'',0,NULL,'[]',NULL,NULL,NULL,'First Flower',1760805919088,1760805919088);
INSERT INTO FloweringCycle VALUES('cmgzfgu1k001p4n5m0m484pxw','cmgsezkix001zgw74j62tastp',1760918400000,NULL,NULL,NULL,NULL,NULL,0,'',0,NULL,'[]',NULL,NULL,NULL,'first flower in my possession',1760982423320,1760982423320);
INSERT INTO FloweringCycle VALUES('cmgzjq2y00001eep49z7dylqq','cmgsezkjg0045gw74nqdjz5n3',1760572800000,NULL,NULL,NULL,NULL,NULL,0,'',0,NULL,'[]',NULL,NULL,NULL,'',1760989573224,1760989573224);
INSERT INTO FloweringCycle VALUES('cmgzjrrxb0003eep458vatdww','cmgsezkj9003dgw741iifryqi',1760659200000,NULL,NULL,NULL,NULL,NULL,0,'',0,NULL,'[]',NULL,NULL,NULL,'First inflo',1760989652255,1760989652255);
INSERT INTO FloweringCycle VALUES('cmgzjtopc0005eep46koae7m1','cmgsezkjb003lgw74nmxn50qw',1759276800000,NULL,NULL,1760400000000,1760918400000,NULL,0,'',0,NULL,'[]',NULL,NULL,NULL,'light spadix/spadix self pollination to Forgettii',1760989741393,1760989741393);
INSERT INTO FloweringCycle VALUES('cmgzjvv0r0007eep4ujii5ioj','cmgsezkiy0025gw742wfvmspy',1759449600000,NULL,1760745600000,1760918400000,NULL,NULL,0,'',0,NULL,'[]',NULL,NULL,NULL,'spadix self pollination attempt with 40x40 (10/17) end of male cycle and N-2days of forgettii transitioning to male stage.  low likelihood of success',1760989842892,1760989874518);
CREATE TABLE IF NOT EXISTS "Genetics" (
    "id" TEXT NOT NULL PRIMARY KEY,
    "plantId" TEXT NOT NULL,
    "raNumber" TEXT,
    "ogNumber" TEXT,
    "provenance" TEXT,
    "ploidy" TEXT,
    "dnaBarcode" TEXT,
    "sequenceData" TEXT,
    "breedingValue" REAL,
    "inbreedingCoeff" REAL,
    "traitPredictions" TEXT,
    "createdAt" DATETIME NOT NULL DEFAULT CURRENT_TIMESTAMP,
    "updatedAt" DATETIME NOT NULL,
    CONSTRAINT "Genetics_plantId_fkey" FOREIGN KEY ("plantId") REFERENCES "Plant" ("id") ON DELETE CASCADE ON UPDATE CASCADE
);
CREATE TABLE IF NOT EXISTS "Measurement" (
    "id" TEXT NOT NULL PRIMARY KEY,
    "plantId" TEXT NOT NULL,
    "measurementDate" DATETIME NOT NULL,
    "leafLength" REAL,
    "leafWidth" REAL,
    "petioleLength" REAL,
    "internodeLength" REAL,
    "primaryVeinColor" TEXT,
    "flushColor" TEXT,
    "petioleColor" TEXT,
    "texture" TEXT,
    "vigorScore" INTEGER,
    "leafCount" INTEGER,
    "height" REAL,
    "notes" TEXT,
    "createdAt" DATETIME NOT NULL DEFAULT CURRENT_TIMESTAMP,
    CONSTRAINT "Measurement_plantId_fkey" FOREIGN KEY ("plantId") REFERENCES "Plant" ("id") ON DELETE CASCADE ON UPDATE CASCADE
);
CREATE TABLE IF NOT EXISTS "Photo" (
    "id" TEXT NOT NULL PRIMARY KEY,
    "plantId" TEXT NOT NULL,
    "url" TEXT NOT NULL,
    "thumbnailUrl" TEXT,
    "dateTaken" DATETIME NOT NULL,
    "growthStage" TEXT,
    "photoType" TEXT NOT NULL,
    "metadata" TEXT,
    "aiAnalysis" TEXT,
    "notes" TEXT,
    "createdAt" DATETIME NOT NULL DEFAULT CURRENT_TIMESTAMP,
    CONSTRAINT "Photo_plantId_fkey" FOREIGN KEY ("plantId") REFERENCES "Plant" ("id") ON DELETE CASCADE ON UPDATE CASCADE
);
INSERT INTO Photo VALUES('cmhe01dcr000d48274x3ks03g','cmgsezkjg0045gw74nqdjz5n3','/uploads/photos/ANT-2025-0059_1761863500033.jpeg','/uploads/thumbnails/ANT-2025-0059_1761863500033_thumb.jpeg',1761782400000,'mature','leaf','{"width":4032,"height":3024,"format":"jpeg","space":"srgb","hasAlpha":false,"orientation":6,"exif":{"raw":"RXhpZgAATU0AKgAAAAgADAEPAAIAAAAGAAAAngEQAAIAAAASAAAApAESAAMAAAABAAYAAAEaAAUAAAABAAAAtgEbAAUAAAABAAAA"}}',NULL,'Two emergent leaves one from mother (long narrow) and one from offset (rounder)',1761863500252);
INSERT INTO Photo VALUES('cmhe01hv4000f48272r95t1f3','cmgsezkjg0045gw74nqdjz5n3','/uploads/photos/ANT-2025-0059_1761863505757.jpeg','/uploads/thumbnails/ANT-2025-0059_1761863505757_thumb.jpeg',1761782400000,'mature','leaf','{"width":8064,"height":6048,"format":"jpeg","space":"srgb","hasAlpha":false,"orientation":6,"exif":{"raw":"RXhpZgAATU0AKgAAAAgADAEPAAIAAAAGAAAAngEQAAIAAAASAAAApAESAAMAAAABAAYAAAEaAAUAAAABAAAAtgEbAAUAAAABAAAA"}}',NULL,'Two emergent leaves one from mother (long narrow) and one from offset (rounder)',1761863506097);
INSERT INTO Photo VALUES('cmhe04yao000h4827fg8kro2y','cmgsezkjg0045gw74nqdjz5n3','/uploads/photos/ANT-2025-0059_1761863667134.jpeg','/uploads/thumbnails/ANT-2025-0059_1761863667134_thumb.jpeg',1760918400000,'mature','whole_plant','{"width":4032,"height":3024,"format":"jpeg","space":"srgb","hasAlpha":false,"orientation":6,"exif":{"raw":"RXhpZgAATU0AKgAAAAgADAEPAAIAAAAGAAAAngEQAAIAAAASAAAApAESAAMAAAABAAYAAAEaAAUAAAABAAAAtgEbAAUAAAABAAAA"}}',NULL,NULL,1761863667360);
INSERT INTO Photo VALUES('cmhe04zwq000j4827dk6ibvtc','cmgsezkjg0045gw74nqdjz5n3','/uploads/photos/ANT-2025-0059_1761863669141.jpeg','/uploads/thumbnails/ANT-2025-0059_1761863669141_thumb.jpeg',1760918400000,'mature','whole_plant','{"width":8064,"height":6048,"format":"jpeg","space":"srgb","hasAlpha":false,"orientation":6,"exif":{"raw":"RXhpZgAATU0AKgAAAAgADAEPAAIAAAAGAAAAngEQAAIAAAASAAAApAESAAMAAAABAAYAAAEaAAUAAAABAAAAtgEbAAUAAAABAAAA"}}',NULL,NULL,1761863669450);
INSERT INTO Photo VALUES('cmhe051ht000l4827c0zpqi56','cmgsezkjg0045gw74nqdjz5n3','/uploads/photos/ANT-2025-0059_1761863671192.jpeg','/uploads/thumbnails/ANT-2025-0059_1761863671192_thumb.jpeg',1760918400000,'mature','whole_plant','{"width":8064,"height":6048,"format":"jpeg","space":"srgb","hasAlpha":false,"orientation":6,"exif":{"raw":"RXhpZgAATU0AKgAAAAgADAEPAAIAAAAGAAAAngEQAAIAAAASAAAApAESAAMAAAABAAYAAAEaAAUAAAABAAAAtgEbAAUAAAABAAAA"}}',NULL,NULL,1761863671505);
INSERT INTO Photo VALUES('cmhe3v8o1000r4827w5ybb5i7','cmgsezkiy0025gw742wfvmspy','/uploads/photos/ANT-2025-0023_1761869932517.jpeg','/uploads/thumbnails/ANT-2025-0023_1761869932517_thumb.jpeg',1761821879000,'mature','leaf','{"width":4032,"height":3024,"format":"jpeg","space":"srgb","hasAlpha":false,"orientation":6,"exif":{"dateTimeOriginal":"2025-10-30T10:57:59.000Z","make":"Apple","model":"iPhone 16 Pro Max","software":"26.1","lensModel":"iPhone 16 Pro Max back triple camera 2.22mm f/2.2","focalLength":2.220000028611935,"fNumber":2.2,"iso":200,"exposureTime":0.016666666666666666,"flash":16,"gpsLatitude":26.127713888888888,"gpsLongitude":-80.14406666666667}}',NULL,NULL,1761869932705);
INSERT INTO Photo VALUES('cmhe3v91t000t4827lgpowc9v','cmgsezkiy0025gw742wfvmspy','/uploads/photos/ANT-2025-0023_1761869932986.jpeg','/uploads/thumbnails/ANT-2025-0023_1761869932986_thumb.jpeg',1761821869000,'mature','leaf','{"width":4032,"height":3024,"format":"jpeg","space":"srgb","hasAlpha":false,"orientation":6,"exif":{"dateTimeOriginal":"2025-10-30T10:57:49.000Z","make":"Apple","model":"iPhone 16 Pro Max","software":"26.1","lensModel":"iPhone 16 Pro Max back triple camera 2.22mm f/2.2","focalLength":2.220000028611935,"fNumber":2.2,"iso":64,"exposureTime":0.008333333333333333,"flash":16,"gpsLatitude":26.127747222222222,"gpsLongitude":-80.14405000000001}}',NULL,NULL,1761869933201);
INSERT INTO Photo VALUES('cmhe3v9qc000v4827cjnz9ezn','cmgsezkiy0025gw742wfvmspy','/uploads/photos/ANT-2025-0023_1761869933772.jpeg','/uploads/thumbnails/ANT-2025-0023_1761869933772_thumb.jpeg',1761576001000,'mature','leaf','{"width":8064,"height":6048,"format":"jpeg","space":"srgb","hasAlpha":false,"orientation":6,"exif":{"dateTimeOriginal":"2025-10-27T14:40:01.000Z","make":"Apple","model":"iPhone 16 Pro Max","software":"26.1","lensModel":"iPhone 16 Pro Max back triple camera 6.765mm f/1.78","focalLength":6.764999865652793,"fNumber":1.7799999713880652,"iso":250,"exposureTime":0.025,"flash":16,"gpsLatitude":26.127747222222222,"gpsLongitude":-80.14405000000001}}',NULL,NULL,1761869934085);
INSERT INTO Photo VALUES('cmhe3va7w000x4827r1idhzm3','cmgsezkiy0025gw742wfvmspy','/uploads/photos/ANT-2025-0023_1761869934510.jpeg','/uploads/thumbnails/ANT-2025-0023_1761869934510_thumb.jpeg',1761575986000,'mature','leaf','{"width":4032,"height":3024,"format":"jpeg","space":"srgb","hasAlpha":false,"orientation":6,"exif":{"dateTimeOriginal":"2025-10-27T14:39:46.000Z","make":"Apple","model":"iPhone 16 Pro Max","software":"26.1","lensModel":"iPhone 16 Pro Max back triple camera 2.22mm f/2.2","focalLength":2.220000028611935,"fNumber":2.2,"iso":500,"exposureTime":0.016666666666666666,"flash":16,"gpsLatitude":26.127747222222222,"gpsLongitude":-80.14405000000001}}',NULL,NULL,1761869934717);
INSERT INTO Photo VALUES('cmhe40k2o000z4827wj0drhsm','cmgsezkiu001pgw7466lruqng','/uploads/photos/ANT-2025-0015_1761870180484.jpeg','/uploads/thumbnails/ANT-2025-0015_1761870180484_thumb.jpeg',1761821559000,'juvenile','whole_plant','{"width":8064,"height":6048,"format":"jpeg","space":"srgb","hasAlpha":false,"orientation":6,"exif":{"dateTimeOriginal":"2025-10-30T10:52:39.000Z","make":"Apple","model":"iPhone 16 Pro Max","software":"26.1","lensModel":"iPhone 16 Pro Max back triple camera 6.765mm f/1.78","focalLength":6.764999865652793,"fNumber":1.7799999713880652,"iso":50,"exposureTime":0.008333333333333333,"flash":16,"gpsLatitude":26.127747222222222,"gpsLongitude":-80.14405000000001}}',NULL,NULL,1761870180769);
INSERT INTO Photo VALUES('cmhe40kh100114827n16d9dl1','cmgsezkiu001pgw7466lruqng','/uploads/photos/ANT-2025-0015_1761870181076.jpeg','/uploads/thumbnails/ANT-2025-0015_1761870181076_thumb.jpeg',1761657746000,'juvenile','whole_plant','{"width":4032,"height":3024,"format":"jpeg","space":"srgb","hasAlpha":false,"orientation":6,"exif":{"dateTimeOriginal":"2025-10-28T13:22:26.000Z","make":"Apple","model":"iPhone 16 Pro Max","software":"26.1","lensModel":"iPhone 16 Pro Max back triple camera 2.22mm f/2.2","focalLength":2.220000028611935,"fNumber":2.2,"iso":64,"exposureTime":0.008333333333333333,"flash":16,"gpsLatitude":26.127747222222222,"gpsLongitude":-80.14405000000001}}',NULL,NULL,1761870181286);
INSERT INTO Photo VALUES('cmhe42nga001348271trrn9re','cmgsezkiz0029gw742lwabqmq','/uploads/photos/ANT-2025-0025_1761870278247.jpeg','/uploads/thumbnails/ANT-2025-0025_1761870278247_thumb.jpeg',1761821638000,'mature','leaf','{"width":4032,"height":3024,"format":"jpeg","space":"srgb","hasAlpha":false,"orientation":6,"exif":{"dateTimeOriginal":"2025-10-30T10:53:58.000Z","make":"Apple","model":"iPhone 16 Pro Max","software":"26.1","lensModel":"iPhone 16 Pro Max back triple camera 2.22mm f/2.2","focalLength":2.220000028611935,"fNumber":2.2,"iso":200,"exposureTime":0.008333333333333333,"flash":16,"gpsLatitude":26.127747222222222,"gpsLongitude":-80.14405000000001}}',NULL,'Second emergent from catophyl. Healthy growth more upright petiole',1761870278458);
INSERT INTO Photo VALUES('cmhe455n000154827cszhkpxn','cmgsezkit001lgw74anwr2r6v','/uploads/photos/ANT-2025-0013_1761870395122.jpeg','/uploads/thumbnails/ANT-2025-0013_1761870395122_thumb.jpeg',1761825562000,'juvenile','leaf','{"width":4032,"height":3024,"format":"jpeg","space":"srgb","hasAlpha":false,"orientation":6,"exif":{"dateTimeOriginal":"2025-10-30T11:59:22.000Z","make":"Apple","model":"iPhone 16 Pro Max","software":"26.1","lensModel":"iPhone 16 Pro Max back triple camera 2.22mm f/2.2","focalLength":2.220000028611935,"fNumber":2.2,"iso":160,"exposureTime":0.015151515151515152,"flash":16,"gpsLatitude":26.128125,"gpsLongitude":-80.14384444444445}}',NULL,'Vigorous growth. Sizing up. Leaf showing speckling from unknown source. No evidence of pests markings are flush with cuticle and not visible on underside. ',1761870395341);
INSERT INTO Photo VALUES('cmhe4561i00174827kcx1ezsb','cmgsezkit001lgw74anwr2r6v','/uploads/photos/ANT-2025-0013_1761870395673.jpeg','/uploads/thumbnails/ANT-2025-0013_1761870395673_thumb.jpeg',1761825558000,'juvenile','leaf','{"width":4032,"height":3024,"format":"jpeg","space":"srgb","hasAlpha":false,"orientation":6,"exif":{"dateTimeOriginal":"2025-10-30T11:59:18.000Z","make":"Apple","model":"iPhone 16 Pro Max","software":"26.1","lensModel":"iPhone 16 Pro Max back triple camera 2.22mm f/2.2","focalLength":2.220000028611935,"fNumber":2.2,"iso":160,"exposureTime":0.015151515151515152,"flash":16,"gpsLatitude":26.128125,"gpsLongitude":-80.14384444444445}}',NULL,'Vigorous growth. Sizing up. Leaf showing speckling from unknown source. No evidence of pests markings are flush with cuticle and not visible on underside. ',1761870395863);
INSERT INTO Photo VALUES('cmhe48i63001948274glio830','cmgsezkiz0027gw74izmypumf','/uploads/photos/ANT-2025-0024_1761870551323.jpeg','/uploads/thumbnails/ANT-2025-0024_1761870551323_thumb.jpeg',1761821600000,'juvenile','whole_plant','{"width":4032,"height":3024,"format":"jpeg","space":"srgb","hasAlpha":false,"orientation":6,"exif":{"dateTimeOriginal":"2025-10-30T10:53:20.000Z","make":"Apple","model":"iPhone 16 Pro Max","software":"26.1","lensModel":"iPhone 16 Pro Max back triple camera 2.22mm f/2.2","focalLength":2.220000028611935,"fNumber":2.2,"iso":250,"exposureTime":0.008333333333333333,"flash":16,"gpsLatitude":26.127747222222222,"gpsLongitude":-80.14405000000001}}',NULL,'New emergent. Possibly last before growing from cataphyl ',1761870551547);
INSERT INTO Photo VALUES('cmhe4egig001b4827wxnpn195','cmgsezkiq0017gw741cm7c6qx','/uploads/photos/ANT-2025-0006_1761870829153.jpeg','/uploads/thumbnails/ANT-2025-0006_1761870829153_thumb.jpeg',1760958585000,'mature','leaf','{"width":3024,"height":4032,"format":"jpeg","space":"srgb","hasAlpha":false,"orientation":1,"exif":{"dateTimeOriginal":"2025-10-20T11:09:45.000Z","make":"Apple","model":"iPhone 16 Pro Max","software":"26.1","lensModel":"iPhone 16 Pro Max back triple camera 6.765mm f/1.78","focalLength":6.764999865652793,"fNumber":1.7799999713880652,"iso":100,"exposureTime":0.009615384615384616,"flash":16,"gpsLatitude":26.12777777777778,"gpsLongitude":-80.14409722222223}}',NULL,NULL,1761870829337);
INSERT INTO Photo VALUES('cmhe4p22a001d48278e7b3dox','cmgsezkiq0019gw74uslqjgtm','/uploads/photos/ANT-2025-0007_1761871323686.dng','/uploads/thumbnails/ANT-2025-0007_1761871323686_thumb.dng',1761926400000,'juvenile','whole_plant','{}',NULL,'First leaf in possession. Emerged prior to acquired ',1761871323826);
INSERT INTO Photo VALUES('cmhe4p32w001f48277lgq3xkr','cmgsezkiq0019gw74uslqjgtm','/uploads/photos/ANT-2025-0007_1761871324992.dng','/uploads/thumbnails/ANT-2025-0007_1761871324992_thumb.dng',1761926400000,'juvenile','whole_plant','{}',NULL,'First leaf in possession. Emerged prior to acquired ',1761871325145);
INSERT INTO Photo VALUES('cmhe4ti60001h4827vynqdzjx','cmgsezkj5002xgw746by1ljgh','/uploads/photos/ANT-2025-0037_1761871531103.jpeg','/uploads/thumbnails/ANT-2025-0037_1761871531103_thumb.jpeg',1761822017000,'juvenile','whole_plant','{"width":4032,"height":3024,"format":"jpeg","space":"srgb","hasAlpha":false,"orientation":6,"exif":{"dateTimeOriginal":"2025-10-30T11:00:17.000Z","make":"Apple","model":"iPhone 16 Pro Max","software":"26.1","lensModel":"iPhone 16 Pro Max back triple camera 2.22mm f/2.2","focalLength":2.220000028611935,"fNumber":2.2,"iso":320,"exposureTime":0.015151515151515152,"flash":16,"gpsLatitude":26.127780555555557,"gpsLongitude":-80.14409722222223}}',NULL,'New emergent',1761871531321);
INSERT INTO Photo VALUES('cmhe4xgq9001j48279aw5l0sh','cmgsezkje003xgw74hwav9bnc','/uploads/photos/ANT-2025-0055_1761871715729.jpeg','/uploads/thumbnails/ANT-2025-0055_1761871715729_thumb.jpeg',1760958325000,'mature','whole_plant','{"width":8064,"height":6048,"format":"jpeg","space":"srgb","hasAlpha":false,"orientation":6,"exif":{"dateTimeOriginal":"2025-10-20T11:05:25.000Z","make":"Apple","model":"iPhone 16 Pro Max","software":"26.1","lensModel":"iPhone 16 Pro Max back triple camera 6.765mm f/1.78","focalLength":6.764999865652793,"fNumber":1.7799999713880652,"iso":80,"exposureTime":0.008264462809917356,"flash":16,"gpsLatitude":26.12781388888889,"gpsLongitude":-80.14409722222223}}',NULL,NULL,1761871716081);
INSERT INTO Photo VALUES('cmhe4xpp8001l48277yf31yt1','cmgsezkje003xgw74hwav9bnc','/uploads/photos/ANT-2025-0055_1761871727362.jpeg','/uploads/thumbnails/ANT-2025-0055_1761871727362_thumb.jpeg',1759953922000,'mature','whole_plant','{"width":8064,"height":6048,"format":"jpeg","space":"srgb","hasAlpha":false,"orientation":6,"exif":{"dateTimeOriginal":"2025-10-08T20:05:22.000Z","make":"Apple","model":"iPhone 16 Pro Max","software":"26.1","lensModel":"iPhone 16 Pro Max back triple camera 6.765mm f/1.78","focalLength":6.764999865652793,"fNumber":1.7799999713880652,"iso":500,"exposureTime":0.03333333333333333,"flash":16,"gpsLatitude":26.127747222222222,"gpsLongitude":-80.14405000000001}}',NULL,NULL,1761871727709);
INSERT INTO Photo VALUES('cmhe4zch7001n4827e2tdvrf3','cmgwuhdhu001k4n5m535j8so6','/uploads/photos/ANT-2025-1736_1761871803671.jpeg','/uploads/thumbnails/ANT-2025-1736_1761871803671_thumb.jpeg',1761822038000,'mature','leaf','{"width":4032,"height":3024,"format":"jpeg","space":"srgb","hasAlpha":false,"orientation":6,"exif":{"dateTimeOriginal":"2025-10-30T11:00:38.000Z","make":"Apple","model":"iPhone 16 Pro Max","software":"26.1","lensModel":"iPhone 16 Pro Max back triple camera 2.22mm f/2.2","focalLength":2.220000028611935,"fNumber":2.2,"iso":160,"exposureTime":0.010101010101010102,"flash":16,"gpsLatitude":26.127816666666668,"gpsLongitude":-80.1440888888889}}',NULL,'First site of new emergent ',1761871803883);
INSERT INTO Photo VALUES('cmhe50sw4001p4827ik54st17','cmgsezkj60031gw74dmy7kj3v','/uploads/photos/ANT-2025-0039_1761871871500.jpeg','/uploads/thumbnails/ANT-2025-0039_1761871871500_thumb.jpeg',1761821565000,'mature','leaf','{"width":8064,"height":6048,"format":"jpeg","space":"srgb","hasAlpha":false,"orientation":6,"exif":{"dateTimeOriginal":"2025-10-30T10:52:45.000Z","make":"Apple","model":"iPhone 16 Pro Max","software":"26.1","lensModel":"iPhone 16 Pro Max back triple camera 6.765mm f/1.78","focalLength":6.764999865652793,"fNumber":1.7799999713880652,"iso":100,"exposureTime":0.008333333333333333,"flash":16,"gpsLatitude":26.127747222222222,"gpsLongitude":-80.14405000000001}}',NULL,NULL,1761871871813);
INSERT INTO Photo VALUES('cmhe50t8a001r4827olb7picv','cmgsezkj60031gw74dmy7kj3v','/uploads/photos/ANT-2025-0039_1761871872046.jpeg','/uploads/thumbnails/ANT-2025-0039_1761871872046_thumb.jpeg',1761657742000,'mature','leaf','{"width":4032,"height":3024,"format":"jpeg","space":"srgb","hasAlpha":false,"orientation":6,"exif":{"dateTimeOriginal":"2025-10-28T13:22:22.000Z","make":"Apple","model":"iPhone 16 Pro Max","software":"26.1","lensModel":"iPhone 16 Pro Max back triple camera 2.22mm f/2.2","focalLength":2.220000028611935,"fNumber":2.2,"iso":250,"exposureTime":0.008333333333333333,"flash":16,"gpsLatitude":26.127747222222222,"gpsLongitude":-80.14405000000001}}',NULL,NULL,1761871872251);
INSERT INTO Photo VALUES('cmhe50tj5001t4827ucfucav1','cmgsezkj60031gw74dmy7kj3v','/uploads/photos/ANT-2025-0039_1761871872437.jpeg','/uploads/thumbnails/ANT-2025-0039_1761871872437_thumb.jpeg',1760997278000,'mature','leaf','{"width":4032,"height":3024,"format":"jpeg","space":"srgb","hasAlpha":false,"orientation":6,"exif":{"dateTimeOriginal":"2025-10-20T21:54:38.000Z","make":"Apple","model":"iPhone 16 Pro Max","software":"26.1","lensModel":"iPhone 16 Pro Max back triple camera 6.765mm f/1.78","focalLength":6.764999865652793,"fNumber":1.7799999713880652,"iso":64,"exposureTime":0.25,"flash":9,"gpsLatitude":26.127747222222222,"gpsLongitude":-80.14405833333333}}',NULL,NULL,1761871872642);
INSERT INTO Photo VALUES('cmhe55wfg001v4827fi5bions','cmgsezkji004fgw743111zejv','/uploads/photos/ANT-2025-0064_1761872109467.jpeg','/uploads/thumbnails/ANT-2025-0064_1761872109467_thumb.jpeg',1761821949000,'juvenile','leaf','{"width":4032,"height":3024,"format":"jpeg","space":"srgb","hasAlpha":false,"orientation":6,"exif":{"dateTimeOriginal":"2025-10-30T10:59:09.000Z","make":"Apple","model":"iPhone 16 Pro Max","software":"26.1","lensModel":"iPhone 16 Pro Max back triple camera 2.22mm f/2.2","focalLength":2.220000028611935,"fNumber":2.2,"iso":400,"exposureTime":0.016666666666666666,"flash":16,"gpsLatitude":26.127747222222222,"gpsLongitude":-80.14405000000001}}',NULL,NULL,1761872109676);
INSERT INTO Photo VALUES('cmhe55wsg001x4827jppb8bpm','cmgsezkji004fgw743111zejv','/uploads/photos/ANT-2025-0064_1761872109934.jpeg','/uploads/thumbnails/ANT-2025-0064_1761872109934_thumb.jpeg',1760958371000,'juvenile','leaf','{"width":4032,"height":3024,"format":"jpeg","space":"srgb","hasAlpha":false,"orientation":6,"exif":{"dateTimeOriginal":"2025-10-20T11:06:11.000Z","make":"Apple","model":"iPhone 16 Pro Max","software":"26.1","lensModel":"iPhone 16 Pro Max back triple camera 2.22mm f/2.2","focalLength":2.220000028611935,"fNumber":2.2,"iso":320,"exposureTime":0.013333333333333334,"flash":16,"gpsLatitude":26.127766666666666,"gpsLongitude":-80.14407222222223}}',NULL,NULL,1761872110145);
INSERT INTO Photo VALUES('cmhe58gmg001z4827xrgv1m74','cmgwuhdhu001k4n5m535j8so6','/uploads/photos/ANT-2025-1736_1761872228942.jpeg','/uploads/thumbnails/ANT-2025-1736_1761872228942_thumb.jpeg',1760277524000,'juvenile','leaf','{"width":4032,"height":3024,"format":"jpeg","space":"srgb","hasAlpha":false,"orientation":6,"exif":{"dateTimeOriginal":"2025-10-12T13:58:44.000Z","make":"Apple","model":"iPhone 16 Pro Max","software":"26.1","lensModel":"iPhone 16 Pro Max back triple camera 6.765mm f/1.78","focalLength":6.764999865652793,"fNumber":1.7799999713880652,"iso":64,"exposureTime":0.004081632653061225,"flash":16,"gpsLatitude":26.127761111111113,"gpsLongitude":-80.14408055555556}}',NULL,NULL,1761872229161);
INSERT INTO Photo VALUES('cmhggv6x60028482792ifo7w5','cmhggqnvj00244827johwzezi','/uploads/photos/ANT-2025-9960_1762012697587.jpeg','/uploads/thumbnails/ANT-2025-9960_1762012697587_thumb.jpeg',1761995347000,'seedling','whole_plant','{"width":4032,"height":3024,"format":"jpeg","space":"srgb","hasAlpha":false,"orientation":6,"exif":{"dateTimeOriginal":"2025-11-01T11:09:07.000Z","make":"Apple","model":"iPhone 16 Pro Max","software":"26.1","lensModel":"iPhone 16 Pro Max back triple camera 2.22mm f/2.2","focalLength":2.220000028611935,"fNumber":2.2,"iso":800,"exposureTime":0.016666666666666666,"flash":16,"gpsLatitude":26.12784166666667,"gpsLongitude":-80.14406666666667}}',NULL,NULL,1762012697802);
INSERT INTO Photo VALUES('cmhggv7e5002a48275bgmzpmd','cmhggqnvj00244827johwzezi','/uploads/photos/ANT-2025-9960_1762012698206.jpeg','/uploads/thumbnails/ANT-2025-9960_1762012698206_thumb.jpeg',1761995355000,'seedling','whole_plant','{"width":4032,"height":3024,"format":"jpeg","space":"srgb","hasAlpha":false,"orientation":6,"exif":{"dateTimeOriginal":"2025-11-01T11:09:15.000Z","make":"Apple","model":"iPhone 16 Pro Max","software":"26.1","lensModel":"iPhone 16 Pro Max back triple camera 2.22mm f/2.2","focalLength":2.220000028611935,"fNumber":2.2,"iso":1250,"exposureTime":0.016666666666666666,"flash":16,"gpsLatitude":26.127850000000002,"gpsLongitude":-80.14411111111112}}',NULL,NULL,1762012698414);
INSERT INTO Photo VALUES('cmhggy6wq002e4827399p7bd6','cmgsezkj80039gw74r26btl52','/uploads/photos/ANT-2025-0043_1762012837556.jpeg','/uploads/thumbnails/ANT-2025-0043_1762012837556_thumb.jpeg',1761995232000,'seedling','whole_plant','{"width":4032,"height":3024,"format":"jpeg","space":"srgb","hasAlpha":false,"orientation":6,"exif":{"dateTimeOriginal":"2025-11-01T11:07:12.000Z","make":"Apple","model":"iPhone 16 Pro Max","software":"26.1","lensModel":"iPhone 16 Pro Max back triple camera 2.22mm f/2.2","focalLength":2.220000028611935,"fNumber":2.2,"iso":1000,"exposureTime":0.016666666666666666,"flash":16,"gpsLatitude":26.127747222222222,"gpsLongitude":-80.14405833333333}}',NULL,NULL,1762012837754);
INSERT INTO Photo VALUES('cmhggy79w002g482784jun121','cmgsezkj80039gw74r26btl52','/uploads/photos/ANT-2025-0043_1762012838025.jpeg','/uploads/thumbnails/ANT-2025-0043_1762012838025_thumb.jpeg',1761995235000,'seedling','whole_plant','{"width":4032,"height":3024,"format":"jpeg","space":"srgb","hasAlpha":false,"orientation":6,"exif":{"dateTimeOriginal":"2025-11-01T11:07:15.000Z","make":"Apple","model":"iPhone 16 Pro Max","software":"26.1","lensModel":"iPhone 16 Pro Max back triple camera 2.22mm f/2.2","focalLength":2.220000028611935,"fNumber":2.2,"iso":800,"exposureTime":0.016666666666666666,"flash":16,"gpsLatitude":26.127747222222222,"gpsLongitude":-80.14405833333333}}',NULL,NULL,1762012838229);
INSERT INTO Photo VALUES('cmhggy7kf002i4827s5014tf8','cmgsezkj80039gw74r26btl52','/uploads/photos/ANT-2025-0043_1762012838408.jpeg','/uploads/thumbnails/ANT-2025-0043_1762012838408_thumb.jpeg',1761995246000,'seedling','whole_plant','{"width":4032,"height":3024,"format":"jpeg","space":"srgb","hasAlpha":false,"orientation":6,"exif":{"dateTimeOriginal":"2025-11-01T11:07:26.000Z","make":"Apple","model":"iPhone 16 Pro Max","software":"26.1","lensModel":"iPhone 16 Pro Max back triple camera 2.22mm f/2.2","focalLength":2.220000028611935,"fNumber":2.2,"iso":640,"exposureTime":0.016666666666666666,"flash":16,"gpsLatitude":26.12783888888889,"gpsLongitude":-80.14408055555556}}',NULL,NULL,1762012838607);
INSERT INTO Photo VALUES('cmhgh12v7002m4827aa2cu7hk','cmgsezkiv001rgw745guvfw2t','/uploads/photos/ANT-2025-0016_1762012972281.jpeg','/uploads/thumbnails/ANT-2025-0016_1762012972281_thumb.jpeg',1761995266000,NULL,'whole_plant','{"width":4032,"height":3024,"format":"jpeg","space":"srgb","hasAlpha":false,"orientation":6,"exif":{"dateTimeOriginal":"2025-11-01T11:07:46.000Z","make":"Apple","model":"iPhone 16 Pro Max","software":"26.1","lensModel":"iPhone 16 Pro Max back triple camera 2.22mm f/2.2","focalLength":2.220000028611935,"fNumber":2.2,"iso":640,"exposureTime":0.016666666666666666,"flash":16,"gpsLatitude":26.12778888888889,"gpsLongitude":-80.14409722222223}}',NULL,'Vigorous growth',1762012972483);
INSERT INTO Photo VALUES('cmhgh13la002o4827r3l7mu6y','cmgsezkiv001rgw745guvfw2t','/uploads/photos/ANT-2025-0016_1762012973083.jpeg','/uploads/thumbnails/ANT-2025-0016_1762012973083_thumb.jpeg',1761995276000,NULL,'whole_plant','{"width":8064,"height":6048,"format":"jpeg","space":"srgb","hasAlpha":false,"orientation":6,"exif":{"dateTimeOriginal":"2025-11-01T11:07:56.000Z","make":"Apple","model":"iPhone 16 Pro Max","software":"26.1","lensModel":"iPhone 16 Pro Max back triple camera 6.765mm f/1.78","focalLength":6.764999865652793,"fNumber":1.7799999713880652,"iso":400,"exposureTime":0.025,"flash":16,"gpsLatitude":26.12774166666667,"gpsLongitude":-80.14411111111112}}',NULL,'Vigorous growth',1762012973422);
INSERT INTO Photo VALUES('cmhgh13ww002q4827nni4v71r','cmgsezkiv001rgw745guvfw2t','/uploads/photos/ANT-2025-0016_1762012973636.jpeg','/uploads/thumbnails/ANT-2025-0016_1762012973636_thumb.jpeg',1761995283000,NULL,'whole_plant','{"width":4032,"height":3024,"format":"jpeg","space":"srgb","hasAlpha":false,"orientation":6,"exif":{"dateTimeOriginal":"2025-11-01T11:08:03.000Z","make":"Apple","model":"iPhone 16 Pro Max","software":"26.1","lensModel":"iPhone 16 Pro Max back triple camera 2.22mm f/2.2","focalLength":2.220000028611935,"fNumber":2.2,"iso":800,"exposureTime":0.016666666666666666,"flash":16,"gpsLatitude":26.12765277777778,"gpsLongitude":-80.14413333333334}}',NULL,'Vigorous growth',1762012973841);
INSERT INTO Photo VALUES('cmhgh4k28002u4827qah7lsvc','cmgsezkjh0049gw74ixrelf90','/uploads/photos/ANT-2025-0061_1762013134414.jpeg','/uploads/thumbnails/ANT-2025-0061_1762013134414_thumb.jpeg',1761995307000,'juvenile','leaf','{"width":8064,"height":6048,"format":"jpeg","space":"srgb","hasAlpha":false,"orientation":6,"exif":{"dateTimeOriginal":"2025-11-01T11:08:27.000Z","make":"Apple","model":"iPhone 16 Pro Max","software":"26.1","lensModel":"iPhone 16 Pro Max back triple camera 6.765mm f/1.78","focalLength":6.764999865652793,"fNumber":1.7799999713880652,"iso":160,"exposureTime":0.016666666666666666,"flash":16,"gpsLatitude":26.127797222222224,"gpsLongitude":-80.14412777777778}}',NULL,NULL,1762013134737);
INSERT INTO Photo VALUES('cmhgh81d5002w4827jcmrw8xr','cmgsezkjh0049gw74ixrelf90','/uploads/photos/ANT-2025-0061_1762013296908.jpeg','/uploads/thumbnails/ANT-2025-0061_1762013296908_thumb.jpeg',1761995311000,NULL,'whole_plant','{"width":4032,"height":3024,"format":"jpeg","space":"srgb","hasAlpha":false,"orientation":6,"exif":{"dateTimeOriginal":"2025-11-01T11:08:31.000Z","make":"Apple","model":"iPhone 16 Pro Max","software":"26.1","lensModel":"iPhone 16 Pro Max back triple camera 2.22mm f/2.2","focalLength":2.220000028611935,"fNumber":2.2,"iso":500,"exposureTime":0.016666666666666666,"flash":16,"gpsLatitude":26.127819444444444,"gpsLongitude":-80.14413333333334}}',NULL,NULL,1762013297129);
INSERT INTO Photo VALUES('cmhghbap00030482766tl6rcf','cmhcvf641005h7aidif7v7fxf','/uploads/photos/ANT-2025-2199_1762013448992.jpeg','/uploads/thumbnails/ANT-2025-2199_1762013448992_thumb.jpeg',1761995299000,'juvenile','leaf','{"width":4032,"height":3024,"format":"jpeg","space":"srgb","hasAlpha":false,"orientation":6,"exif":{"dateTimeOriginal":"2025-11-01T11:08:19.000Z","make":"Apple","model":"iPhone 16 Pro Max","software":"26.1","lensModel":"iPhone 16 Pro Max back triple camera 2.22mm f/2.2","focalLength":2.220000028611935,"fNumber":2.2,"iso":800,"exposureTime":0.016666666666666666,"flash":16,"gpsLatitude":26.127761111111113,"gpsLongitude":-80.14411111111112}}',NULL,NULL,1762013449189);
INSERT INTO Photo VALUES('cmhghbb1300324827hds9rk9h','cmhcvf641005h7aidif7v7fxf','/uploads/photos/ANT-2025-2199_1762013449433.jpeg','/uploads/thumbnails/ANT-2025-2199_1762013449433_thumb.jpeg',1761995293000,'juvenile','leaf','{"width":4032,"height":3024,"format":"jpeg","space":"srgb","hasAlpha":false,"orientation":6,"exif":{"dateTimeOriginal":"2025-11-01T11:08:13.000Z","make":"Apple","model":"iPhone 16 Pro Max","software":"26.1","lensModel":"iPhone 16 Pro Max back triple camera 2.22mm f/2.2","focalLength":2.220000028611935,"fNumber":2.2,"iso":800,"exposureTime":0.016666666666666666,"flash":16,"gpsLatitude":26.127702777777777,"gpsLongitude":-80.14410277777779}}',NULL,NULL,1762013449624);
INSERT INTO Photo VALUES('cmhghbbek00344827qoqp4kd1','cmhcvf641005h7aidif7v7fxf','/uploads/photos/ANT-2025-2199_1762013449921.jpeg','/uploads/thumbnails/ANT-2025-2199_1762013449921_thumb.jpeg',1761995289000,'juvenile','leaf','{"width":4032,"height":3024,"format":"jpeg","space":"srgb","hasAlpha":false,"orientation":6,"exif":{"dateTimeOriginal":"2025-11-01T11:08:09.000Z","make":"Apple","model":"iPhone 16 Pro Max","software":"26.1","lensModel":"iPhone 16 Pro Max back triple camera 2.22mm f/2.2","focalLength":2.220000028611935,"fNumber":2.2,"iso":640,"exposureTime":0.016666666666666666,"flash":16,"gpsLatitude":26.127716666666668,"gpsLongitude":-80.14412777777778}}',NULL,NULL,1762013450109);
INSERT INTO Photo VALUES('cmhjg7asb003p48272vualy6d','cmgsezkit001lgw74anwr2r6v','/uploads/photos/ANT-2025-0013_1762192981400.jpeg','/uploads/thumbnails/ANT-2025-0013_1762192981400_thumb.jpeg',1762174843000,'juvenile','whole_plant','{"width":4032,"height":3024,"format":"jpeg","space":"srgb","hasAlpha":false,"orientation":6,"exif":{"dateTimeOriginal":"2025-11-03T13:00:43.000Z","make":"Apple","model":"iPhone 16 Pro Max","software":"26.1","lensModel":"iPhone 16 Pro Max back triple camera 2.22mm f/2.2","focalLength":2.220000028611935,"fNumber":2.2,"iso":640,"exposureTime":0.025,"flash":16,"gpsLatitude":26.127747222222222,"gpsLongitude":-80.14405000000001}}',NULL,'Showing some necrosis or nutrient lockout symptoms',1762192981595);
INSERT INTO Photo VALUES('cmhjg7b9f003r4827rg420ug5','cmgsezkit001lgw74anwr2r6v','/uploads/photos/ANT-2025-0013_1762192981999.jpeg','/uploads/thumbnails/ANT-2025-0013_1762192981999_thumb.jpeg',1762174767000,'juvenile','whole_plant','{"width":4032,"height":3024,"format":"jpeg","space":"srgb","hasAlpha":false,"orientation":6,"exif":{"dateTimeOriginal":"2025-11-03T12:59:27.000Z","make":"Apple","model":"iPhone 16 Pro Max","software":"26.1","lensModel":"iPhone 16 Pro Max back triple camera 2.22mm f/2.2","focalLength":2.220000028611935,"fNumber":2.2,"iso":1250,"exposureTime":0.025,"flash":16,"gpsLatitude":26.127850000000002,"gpsLongitude":-80.14409722222223}}',NULL,'Showing some necrosis or nutrient lockout symptoms',1762192982211);
INSERT INTO Photo VALUES('cmhjg7bmm003t4827n1xqlzu8','cmgsezkit001lgw74anwr2r6v','/uploads/photos/ANT-2025-0013_1762192982472.jpeg','/uploads/thumbnails/ANT-2025-0013_1762192982472_thumb.jpeg',1762174761000,'juvenile','whole_plant','{"width":4032,"height":3024,"format":"jpeg","space":"srgb","hasAlpha":false,"orientation":6,"exif":{"dateTimeOriginal":"2025-11-03T12:59:21.000Z","make":"Apple","model":"iPhone 16 Pro Max","software":"26.1","lensModel":"iPhone 16 Pro Max back triple camera 2.22mm f/2.2","focalLength":2.220000028611935,"fNumber":2.2,"iso":800,"exposureTime":0.016666666666666666,"flash":16,"gpsLatitude":26.127916666666668,"gpsLongitude":-80.14409722222223}}',NULL,'Showing some necrosis or nutrient lockout symptoms',1762192982686);
INSERT INTO Photo VALUES('cmhjg7c0b003v4827iceotd2f','cmgsezkit001lgw74anwr2r6v','/uploads/photos/ANT-2025-0013_1762192982977.jpeg','/uploads/thumbnails/ANT-2025-0013_1762192982977_thumb.jpeg',1762174758000,'juvenile','whole_plant','{"width":4032,"height":3024,"format":"jpeg","space":"srgb","hasAlpha":false,"orientation":6,"exif":{"dateTimeOriginal":"2025-11-03T12:59:18.000Z","make":"Apple","model":"iPhone 16 Pro Max","software":"26.1","lensModel":"iPhone 16 Pro Max back triple camera 2.22mm f/2.2","focalLength":2.220000028611935,"fNumber":2.2,"iso":800,"exposureTime":0.016666666666666666,"flash":16,"gpsLatitude":26.127905555555557,"gpsLongitude":-80.14409722222223}}',NULL,'Showing some necrosis or nutrient lockout symptoms',1762192983180);
INSERT INTO Photo VALUES('cmhjg9f3d003x48271gky2r5q','cmgsezkiu001ngw742t5x2euz','/uploads/photos/ANT-2025-0014_1762193080278.jpeg','/uploads/thumbnails/ANT-2025-0014_1762193080278_thumb.jpeg',1762174796000,'juvenile','whole_plant','{"width":4032,"height":3024,"format":"jpeg","space":"srgb","hasAlpha":false,"orientation":6,"exif":{"dateTimeOriginal":"2025-11-03T12:59:56.000Z","make":"Apple","model":"iPhone 16 Pro Max","software":"26.1","lensModel":"iPhone 16 Pro Max back triple camera 2.22mm f/2.2","focalLength":2.220000028611935,"fNumber":2.2,"iso":640,"exposureTime":0.025,"flash":16,"gpsLatitude":26.127747222222222,"gpsLongitude":-80.14405000000001}}',NULL,'Some necrotic or excess light symptoms',1762193080490);
INSERT INTO Photo VALUES('cmhjg9fhw003z4827eza7ci87','cmgsezkiu001ngw742t5x2euz','/uploads/photos/ANT-2025-0014_1762193080806.jpeg','/uploads/thumbnails/ANT-2025-0014_1762193080806_thumb.jpeg',1762174784000,'juvenile','whole_plant','{"width":4032,"height":3024,"format":"jpeg","space":"srgb","hasAlpha":false,"orientation":6,"exif":{"dateTimeOriginal":"2025-11-03T12:59:44.000Z","make":"Apple","model":"iPhone 16 Pro Max","software":"26.1","lensModel":"iPhone 16 Pro Max back triple camera 2.22mm f/2.2","focalLength":2.220000028611935,"fNumber":2.2,"iso":500,"exposureTime":0.025,"flash":16,"gpsLatitude":26.127775,"gpsLongitude":-80.14408055555556}}',NULL,'Some necrotic or excess light symptoms',1762193081012);
INSERT INTO Photo VALUES('cmhjg9fuy00414827pcv8p90g','cmgsezkiu001ngw742t5x2euz','/uploads/photos/ANT-2025-0014_1762193081280.jpeg','/uploads/thumbnails/ANT-2025-0014_1762193081280_thumb.jpeg',1762174779000,'juvenile','whole_plant','{"width":4032,"height":3024,"format":"jpeg","space":"srgb","hasAlpha":false,"orientation":6,"exif":{"dateTimeOriginal":"2025-11-03T12:59:39.000Z","make":"Apple","model":"iPhone 16 Pro Max","software":"26.1","lensModel":"iPhone 16 Pro Max back triple camera 2.22mm f/2.2","focalLength":2.220000028611935,"fNumber":2.2,"iso":320,"exposureTime":0.025,"flash":16,"gpsLatitude":26.127761111111113,"gpsLongitude":-80.14409722222223}}',NULL,'Some necrotic or excess light symptoms',1762193081483);
INSERT INTO Photo VALUES('cmhjg9g5900434827wu3k3fi6','cmgsezkiu001ngw742t5x2euz','/uploads/photos/ANT-2025-0014_1762193081635.jpeg','/uploads/thumbnails/ANT-2025-0014_1762193081635_thumb.jpeg',1762174773000,'juvenile','whole_plant','{"width":4032,"height":3024,"format":"jpeg","space":"srgb","hasAlpha":false,"orientation":6,"exif":{"dateTimeOriginal":"2025-11-03T12:59:33.000Z","make":"Apple","model":"iPhone 16 Pro Max","software":"26.1","lensModel":"iPhone 16 Pro Max back triple camera 2.22mm f/2.2","focalLength":2.220000028611935,"fNumber":2.2,"iso":640,"exposureTime":0.016666666666666666,"flash":16,"gpsLatitude":26.12777777777778,"gpsLongitude":-80.14409722222223}}',NULL,'Some necrotic or excess light symptoms',1762193081854);
INSERT INTO Photo VALUES('cmhjg9gg400454827di9zmfbp','cmgsezkiu001ngw742t5x2euz','/uploads/photos/ANT-2025-0014_1762193082038.jpeg','/uploads/thumbnails/ANT-2025-0014_1762193082038_thumb.jpeg',1762174770000,'juvenile','whole_plant','{"width":4032,"height":3024,"format":"jpeg","space":"srgb","hasAlpha":false,"orientation":6,"exif":{"dateTimeOriginal":"2025-11-03T12:59:30.000Z","make":"Apple","model":"iPhone 16 Pro Max","software":"26.1","lensModel":"iPhone 16 Pro Max back triple camera 2.22mm f/2.2","focalLength":2.220000028611935,"fNumber":2.2,"iso":640,"exposureTime":0.016666666666666666,"flash":16,"gpsLatitude":26.127827777777778,"gpsLongitude":-80.14409722222223}}',NULL,'Some necrotic or excess light symptoms',1762193082244);
INSERT INTO Photo VALUES('cmhjgglih004d4827rizt543j','cmgsezkj3002pgw74ay37rdm3','/uploads/photos/ANT-2025-0033_1762193415058.jpeg','/uploads/thumbnails/ANT-2025-0033_1762193415058_thumb.jpeg',1762174486000,'mature','leaf','{"width":8064,"height":6048,"format":"jpeg","space":"srgb","hasAlpha":false,"orientation":6,"exif":{"dateTimeOriginal":"2025-11-03T12:54:46.000Z","make":"Apple","model":"iPhone 16 Pro Max","software":"26.1","lensModel":"iPhone 16 Pro Max back triple camera 6.765mm f/1.78","focalLength":6.764999865652793,"fNumber":1.7799999713880652,"iso":125,"exposureTime":0.00411522633744856,"flash":16,"gpsLatitude":26.12775277777778,"gpsLongitude":-80.14415000000001}}',NULL,'New emergent opening ~day 2/3',1762193415402);
INSERT INTO Photo VALUES('cmhjgglul004f4827zvufwj8v','cmgsezkj3002pgw74ay37rdm3','/uploads/photos/ANT-2025-0033_1762193415617.jpeg','/uploads/thumbnails/ANT-2025-0033_1762193415617_thumb.jpeg',1762174473000,'mature','leaf','{"width":4032,"height":3024,"format":"jpeg","space":"srgb","hasAlpha":false,"orientation":6,"exif":{"dateTimeOriginal":"2025-11-03T12:54:33.000Z","make":"Apple","model":"iPhone 16 Pro Max","software":"26.1","lensModel":"iPhone 16 Pro Max back triple camera 2.22mm f/2.2","focalLength":2.220000028611935,"fNumber":2.2,"iso":64,"exposureTime":0.010101010101010102,"flash":16,"gpsLatitude":26.127680555555557,"gpsLongitude":-80.14409722222223}}',NULL,'New emergent opening ~day 2/3',1762193415838);
INSERT INTO Photo VALUES('cmhjgiye2004h4827w3nl7kf2','cmgsezkj5002xgw746by1ljgh','/uploads/photos/ANT-2025-0037_1762193525188.jpeg','/uploads/thumbnails/ANT-2025-0037_1762193525188_thumb.jpeg',1762174638000,'juvenile','leaf','{"width":4032,"height":3024,"format":"jpeg","space":"srgb","hasAlpha":false,"orientation":6,"exif":{"dateTimeOriginal":"2025-11-03T12:57:18.000Z","make":"Apple","model":"iPhone 16 Pro Max","software":"26.1","lensModel":"iPhone 16 Pro Max back triple camera 6.765mm f/1.78","focalLength":6.764999865652793,"fNumber":1.7799999713880652,"iso":100,"exposureTime":0.01282051282051282,"flash":16,"gpsLatitude":26.127866666666666,"gpsLongitude":-80.14398333333334}}',NULL,NULL,1762193525402);
INSERT INTO Photo VALUES('cmhjgkckv004j4827wjilpit1','cmgsezkix0021gw7461yjiwmu','/uploads/photos/ANT-2025-0021_1762193590235.jpeg','/uploads/thumbnails/ANT-2025-0021_1762193590235_thumb.jpeg',1762174620000,'mature','spadix','{"width":4032,"height":3024,"format":"jpeg","space":"srgb","hasAlpha":false,"orientation":6,"exif":{"dateTimeOriginal":"2025-11-03T12:57:00.000Z","make":"Apple","model":"iPhone 16 Pro Max","software":"26.1","lensModel":"iPhone 16 Pro Max back triple camera 2.22mm f/2.2","focalLength":2.220000028611935,"fNumber":2.2,"iso":100,"exposureTime":0.010101010101010102,"flash":16,"gpsLatitude":26.127747222222222,"gpsLongitude":-80.14405000000001}}',NULL,'Spathe open ~2 days',1762193590447);
INSERT INTO Photo VALUES('cmhjgl1u5004l48270xwy2ror','cmgsezkix0021gw7461yjiwmu','/uploads/photos/ANT-2025-0021_1762193622967.jpeg','/uploads/thumbnails/ANT-2025-0021_1762193622967_thumb.jpeg',1762174625000,'mature','leaf','{"width":4032,"height":3024,"format":"jpeg","space":"srgb","hasAlpha":false,"orientation":6,"exif":{"dateTimeOriginal":"2025-11-03T12:57:05.000Z","make":"Apple","model":"iPhone 16 Pro Max","software":"26.1","lensModel":"iPhone 16 Pro Max back triple camera 6.765mm f/1.78","focalLength":6.764999865652793,"fNumber":1.7799999713880652,"iso":160,"exposureTime":0.012048192771084338,"flash":16,"gpsLatitude":26.127747222222222,"gpsLongitude":-80.14405000000001}}',NULL,'Wind damage in emergent. ',1762193623181);
INSERT INTO Photo VALUES('cmhkr7mij005g4827p178v925','cmgsezkj3002pgw74ay37rdm3','/uploads/photos/ANT-2025-0033_1762271938527.jpeg','/uploads/thumbnails/ANT-2025-0033_1762271938527_thumb.jpeg',1762250619000,'mature','leaf','{"width":4032,"height":3024,"format":"jpeg","space":"srgb","hasAlpha":false,"orientation":6,"exif":{"dateTimeOriginal":"2025-11-04T10:03:39.000Z","make":"Apple","model":"iPhone 16 Pro Max","software":"26.1","lensModel":"iPhone 16 Pro Max back triple camera 2.22mm f/2.2","focalLength":2.220000028611935,"fNumber":2.2,"iso":80,"exposureTime":0.010101010101010102,"flash":16,"gpsLatitude":26.127761111111113,"gpsLongitude":-80.14411944444446}}',NULL,NULL,1762271938748);
INSERT INTO Photo VALUES('cmhkr9myz005i4827nbgtoq0a','cmgsezkji004dgw74cea2vbac','/uploads/photos/ANT-2025-0063_1762272032332.jpeg','/uploads/thumbnails/ANT-2025-0063_1762272032332_thumb.jpeg',1762250499000,'juvenile','whole_plant','{"width":8064,"height":6048,"format":"jpeg","space":"srgb","hasAlpha":false,"orientation":6,"exif":{"dateTimeOriginal":"2025-11-04T10:01:39.000Z","make":"Apple","model":"iPhone 16 Pro Max","software":"26.1","lensModel":"iPhone 16 Pro Max back triple camera 6.765mm f/1.78","focalLength":6.764999865652793,"fNumber":1.7799999713880652,"iso":100,"exposureTime":0.010869565217391304,"flash":16,"gpsLatitude":26.127691666666667,"gpsLongitude":-80.14409722222223}}',NULL,'New emergent ~3 days ',1762272032651);
INSERT INTO Photo VALUES('cmhkrae69005k4827kbviqebc','cmgsezkji004dgw74cea2vbac','/uploads/photos/ANT-2025-0063_1762272067687.jpeg','/uploads/thumbnails/ANT-2025-0063_1762272067687_thumb.jpeg',1762250510000,'juvenile','leaf','{"width":4032,"height":3024,"format":"jpeg","space":"srgb","hasAlpha":false,"orientation":6,"exif":{"dateTimeOriginal":"2025-11-04T10:01:50.000Z","make":"Apple","model":"iPhone 16 Pro Max","software":"26.1","lensModel":"iPhone 16 Pro Max back triple camera 2.22mm f/2.2","focalLength":2.220000028611935,"fNumber":2.2,"iso":320,"exposureTime":0.016666666666666666,"flash":16,"gpsLatitude":26.127705555555558,"gpsLongitude":-80.14411111111112}}',NULL,'New emergent. First in my care. ~3 days',1762272067906);
INSERT INTO Photo VALUES('cmhkrcqkn005m4827jomjjp3s','cmgsezkjg0045gw74nqdjz5n3','/uploads/photos/ANT-2025-0059_1762272177061.jpeg','/uploads/thumbnails/ANT-2025-0059_1762272177061_thumb.jpeg',1762250574000,'mature','whole_plant','{"width":4032,"height":3024,"format":"jpeg","space":"srgb","hasAlpha":false,"orientation":6,"exif":{"dateTimeOriginal":"2025-11-04T10:02:54.000Z","make":"Apple","model":"iPhone 16 Pro Max","software":"26.1","lensModel":"iPhone 16 Pro Max back triple camera 6.765mm f/1.78","focalLength":6.764999865652793,"fNumber":1.7799999713880652,"iso":250,"exposureTime":0.016666666666666666,"flash":16,"gpsLatitude":26.127819444444444,"gpsLongitude":-80.14409722222223}}',NULL,'Base stem/catophyl ',1762272177288);
INSERT INTO Photo VALUES('cmhkrcqyo005o48277fg9yyr2','cmgsezkjg0045gw74nqdjz5n3','/uploads/photos/ANT-2025-0059_1762272177570.jpeg','/uploads/thumbnails/ANT-2025-0059_1762272177570_thumb.jpeg',1762250568000,'mature','whole_plant','{"width":4032,"height":3024,"format":"jpeg","space":"srgb","hasAlpha":false,"orientation":6,"exif":{"dateTimeOriginal":"2025-11-04T10:02:48.000Z","make":"Apple","model":"iPhone 16 Pro Max","software":"26.1","lensModel":"iPhone 16 Pro Max back triple camera 6.765mm f/1.78","focalLength":6.764999865652793,"fNumber":1.7799999713880652,"iso":100,"exposureTime":0.009345794392523364,"flash":16,"gpsLatitude":26.127808333333334,"gpsLongitude":-80.14410277777779}}',NULL,'Base stem/catophyl ',1762272177792);
INSERT INTO Photo VALUES('cmhkreo8u005q482754bopn12','cmgsezkjg0045gw74nqdjz5n3','/uploads/photos/ANT-2025-0059_1762272267338.jpeg','/uploads/thumbnails/ANT-2025-0059_1762272267338_thumb.jpeg',1762250539000,'mature','leaf','{"width":4032,"height":3024,"format":"jpeg","space":"srgb","hasAlpha":false,"orientation":6,"exif":{"dateTimeOriginal":"2025-11-04T10:02:19.000Z","make":"Apple","model":"iPhone 16 Pro Max","software":"26.1","lensModel":"iPhone 16 Pro Max back triple camera 6.765mm f/1.78","focalLength":6.764999865652793,"fNumber":1.7799999713880652,"iso":80,"exposureTime":0.00819672131147541,"flash":16,"gpsLatitude":26.127761111111113,"gpsLongitude":-80.14409722222223}}',NULL,'Mother/pup emergents. Some wind water damage from storms on balcony. Healthy growth other then some bursting puckering during expansion ',1762272267582);
INSERT INTO Photo VALUES('cmhkreorb005s4827ihdb0577','cmgsezkjg0045gw74nqdjz5n3','/uploads/photos/ANT-2025-0059_1762272268017.jpeg','/uploads/thumbnails/ANT-2025-0059_1762272268017_thumb.jpeg',1762250551000,'mature','leaf','{"width":4032,"height":3024,"format":"jpeg","space":"srgb","hasAlpha":false,"orientation":6,"exif":{"dateTimeOriginal":"2025-11-04T10:02:31.000Z","make":"Apple","model":"iPhone 16 Pro Max","software":"26.1","lensModel":"iPhone 16 Pro Max back triple camera 6.765mm f/1.78","focalLength":6.764999865652793,"fNumber":1.7799999713880652,"iso":64,"exposureTime":0.008264462809917356,"flash":16,"gpsLatitude":26.12774166666667,"gpsLongitude":-80.14406666666667}}',NULL,'Mother/pup emergents. Some wind water damage from storms on balcony. Healthy growth other then some bursting puckering during expansion ',1762272268248);
INSERT INTO Photo VALUES('cmhkrep24005u4827uo1b0kol','cmgsezkjg0045gw74nqdjz5n3','/uploads/photos/ANT-2025-0059_1762272268414.jpeg','/uploads/thumbnails/ANT-2025-0059_1762272268414_thumb.jpeg',1762250560000,'mature','leaf','{"width":4032,"height":3024,"format":"jpeg","space":"srgb","hasAlpha":false,"orientation":6,"exif":{"dateTimeOriginal":"2025-11-04T10:02:40.000Z","make":"Apple","model":"iPhone 16 Pro Max","software":"26.1","lensModel":"iPhone 16 Pro Max back triple camera 6.765mm f/1.78","focalLength":6.764999865652793,"fNumber":1.7799999713880652,"iso":125,"exposureTime":0.006896551724137931,"flash":16,"gpsLatitude":26.12777777777778,"gpsLongitude":-80.14411111111112}}',NULL,'Mother/pup emergents. Some wind water damage from storms on balcony. Healthy growth other then some bursting puckering during expansion ',1762272268636);
CREATE TABLE IF NOT EXISTS "Trait" (
    "id" TEXT NOT NULL PRIMARY KEY,
    "plantId" TEXT NOT NULL,
    "category" TEXT NOT NULL,
    "traitName" TEXT NOT NULL,
    "value" TEXT,
    "expressionLevel" REAL,
    "inheritancePattern" TEXT,
    "observationDate" DATETIME NOT NULL,
    "notes" TEXT,
    "createdAt" DATETIME NOT NULL DEFAULT CURRENT_TIMESTAMP,
    "updatedAt" DATETIME NOT NULL,
    CONSTRAINT "Trait_plantId_fkey" FOREIGN KEY ("plantId") REFERENCES "Plant" ("id") ON DELETE CASCADE ON UPDATE CASCADE
);
INSERT INTO Trait VALUES('cmgtqydej000410stfwmgwivn','cmgsezkjj004jgw74jfbck8m3','leaf','color','Dark Green',NULL,NULL,1760638920283,NULL,1760638920283,1760638920283);
INSERT INTO Trait VALUES('cmgtqydej000510sthb2i039u','cmgsezkjj004jgw74jfbck8m3','leaf','newLeafColor','purple',NULL,NULL,1760638920283,NULL,1760638920283,1760638920283);
INSERT INTO Trait VALUES('cmgweztcn00099rfh9lzdrvim','cmgsezkin000xgw74jhgpsbkx','leaf','shape','Elliptic',NULL,NULL,1760800230742,NULL,1760800230743,1760800230743);
INSERT INTO Trait VALUES('cmgweztco000b9rfh3ee7cwoe','cmgsezkin000xgw74jhgpsbkx','leaf','texture','Coriaceous',NULL,NULL,1760800230742,NULL,1760800230744,1760800230744);
INSERT INTO Trait VALUES('cmgweztco000d9rfh9h2sfyaj','cmgsezkin000xgw74jhgpsbkx','leaf','color','dark green',NULL,NULL,1760800230742,NULL,1760800230745,1760800230745);
INSERT INTO Trait VALUES('cmgweztcp000f9rfhmwc73h3s','cmgsezkin000xgw74jhgpsbkx','leaf','size','Very Small',NULL,NULL,1760800230742,NULL,1760800230745,1760800230745);
INSERT INTO Trait VALUES('cmgwfho7b000h9rfh5u7kessy','cmgsezkip0013gw74wh66x8oc','leaf','shape','Ovate',NULL,NULL,1760801063879,NULL,1760801063880,1760801063880);
INSERT INTO Trait VALUES('cmgwfho7c000j9rfhpothtoaq','cmgsezkip0013gw74wh66x8oc','leaf','texture','Velvety',NULL,NULL,1760801063879,NULL,1760801063881,1760801063881);
INSERT INTO Trait VALUES('cmgwfho7d000l9rfhdcyaoah7','cmgsezkip0013gw74wh66x8oc','leaf','color','Dark Green',NULL,NULL,1760801063879,NULL,1760801063881,1760801063881);
INSERT INTO Trait VALUES('cmgwfho7e000n9rfh7u4z3688','cmgsezkip0013gw74wh66x8oc','leaf','size','Small',NULL,NULL,1760801063879,NULL,1760801063882,1760801063882);
INSERT INTO Trait VALUES('cmgwfho8s000p9rfh7ba6jq56','cmgsezkip0013gw74wh66x8oc','spathe','color','maroon-black',NULL,NULL,1760801063879,NULL,1760801063933,1760801063933);
INSERT INTO Trait VALUES('cmgwfho8v000r9rfh9wyvfovv','cmgsezkip0013gw74wh66x8oc','growth','rate','Slow',NULL,NULL,1760801063879,NULL,1760801063936,1760801063936);
INSERT INTO Trait VALUES('cmh0l3ati000b7aidev6xq75p','cmgsezkiu001pgw7466lruqng','leaf','newLeafColor','Deep burgundy ',NULL,NULL,1761052335749,NULL,1761052335750,1761052335750);
INSERT INTO Trait VALUES('cmh25y341001h7aid0dwlmug5','cmgsezkj60031gw74dmy7kj3v','leaf','newLeafColor','Burgundy ',NULL,NULL,1761147830593,NULL,1761147830593,1761147830593);
INSERT INTO Trait VALUES('cmhav1m0s004k7aidgk6mnp8b','cmgsezkiz002bgw74p77czo99','leaf','shape','Peltate',NULL,NULL,1761673714875,NULL,1761673714876,1761673714876);
INSERT INTO Trait VALUES('cmhav1m0t004m7aid7v657jn7','cmgsezkiz002bgw74p77czo99','leaf','texture','Velvety',NULL,NULL,1761673714875,NULL,1761673714877,1761673714877);
INSERT INTO Trait VALUES('cmhav1m0u004o7aidig6lml98','cmgsezkiz002bgw74p77czo99','leaf','size','Medium',NULL,NULL,1761673714875,NULL,1761673714878,1761673714878);
INSERT INTO Trait VALUES('cmhav257h004q7aid3fy0udyb','cmgsezkiz002bgw74p77czo99','leaf','shape','Peltate',NULL,NULL,1761673739741,NULL,1761673739742,1761673739742);
INSERT INTO Trait VALUES('cmhav257j004s7aid3wq8je2q','cmgsezkiz002bgw74p77czo99','leaf','texture','Velvety',NULL,NULL,1761673739741,NULL,1761673739743,1761673739743);
INSERT INTO Trait VALUES('cmhav257k004u7aid20nuoqk9','cmgsezkiz002bgw74p77czo99','leaf','size','Medium',NULL,NULL,1761673739741,NULL,1761673739745,1761673739745);
INSERT INTO Trait VALUES('cmhav257m004w7aidtrg83ma6','cmgsezkiz002bgw74p77czo99','growth','rate','Slow',NULL,NULL,1761673739741,NULL,1761673739746,1761673739746);
INSERT INTO Trait VALUES('cmhe3nvy3000n4827ebaxfgae','cmgsezkiy0025gw742wfvmspy','leaf','size','Medium',NULL,NULL,1761869589627,NULL,1761869589628,1761869589628);
INSERT INTO Trait VALUES('cmhe3nvy4000p4827augldi34','cmgsezkiy0025gw742wfvmspy','leaf','newLeafColor','Red',NULL,NULL,1761869589627,NULL,1761869589629,1761869589629);
INSERT INTO Trait VALUES('cmhjgq6ww004n4827ne7xlohw','cmgsezkix0021gw7461yjiwmu','leaf','color','Dark green',NULL,NULL,1762193863039,NULL,1762193863040,1762193863040);
INSERT INTO Trait VALUES('cmhjgq6wx004p48275b0nvuc1','cmgsezkix0021gw7461yjiwmu','leaf','size','Small',NULL,NULL,1762193863039,NULL,1762193863041,1762193863041);
INSERT INTO Trait VALUES('cmhjgq6wx004r4827hx2gr1aq','cmgsezkix0021gw7461yjiwmu','spadix','color','Bright green (immature)',NULL,NULL,1762193863039,NULL,1762193863042,1762193863042);
INSERT INTO Trait VALUES('cmhjgq6wy004t4827elyke6vp','cmgsezkix0021gw7461yjiwmu','spathe','color','Light pink to white',NULL,NULL,1762193863039,NULL,1762193863042,1762193863042);
INSERT INTO Trait VALUES('cmhjgq6wy004v4827ib11v2cy','cmgsezkix0021gw7461yjiwmu','spathe','shape','Cucullate',NULL,NULL,1762193863039,NULL,1762193863043,1762193863043);
CREATE TABLE IF NOT EXISTS "GrowthMetric" (
    "id" TEXT NOT NULL PRIMARY KEY,
    "plantId" TEXT NOT NULL,
    "date" DATETIME NOT NULL,
    "leafCount" INTEGER,
    "largestLeafLength" REAL,
    "largestLeafWidth" REAL,
    "averageLeafSize" REAL,
    "newGrowthRate" TEXT,
    "hasStuntedGrowth" BOOLEAN NOT NULL DEFAULT false,
    "hasCurledLeaves" BOOLEAN NOT NULL DEFAULT false,
    "hasYellowing" BOOLEAN NOT NULL DEFAULT false,
    "hasEdgeBurn" BOOLEAN NOT NULL DEFAULT false,
    "hasSpiderMites" BOOLEAN NOT NULL DEFAULT false,
    "potSize" REAL,
    "daysSinceRepot" INTEGER,
    "notes" TEXT,
    "createdAt" DATETIME NOT NULL DEFAULT CURRENT_TIMESTAMP,
    CONSTRAINT "GrowthMetric_plantId_fkey" FOREIGN KEY ("plantId") REFERENCES "Plant" ("id") ON DELETE CASCADE ON UPDATE CASCADE
);
CREATE UNIQUE INDEX "BreedingRecord_crossId_key" ON "BreedingRecord"("crossId");
CREATE INDEX "BreedingRecord_femalePlantId_idx" ON "BreedingRecord"("femalePlantId");
CREATE INDEX "BreedingRecord_malePlantId_idx" ON "BreedingRecord"("malePlantId");
CREATE INDEX "BreedingRecord_crossDate_idx" ON "BreedingRecord"("crossDate");
CREATE UNIQUE INDEX "Vendor_name_key" ON "Vendor"("name");
CREATE INDEX "Vendor_name_idx" ON "Vendor"("name");
CREATE INDEX "Purchase_vendorId_idx" ON "Purchase"("vendorId");
CREATE INDEX "Purchase_purchaseDate_idx" ON "Purchase"("purchaseDate");
CREATE UNIQUE INDEX "Location_name_key" ON "Location"("name");
CREATE INDEX "Location_name_idx" ON "Location"("name");
CREATE INDEX "Species_section_idx" ON "Species"("section");
CREATE UNIQUE INDEX "Species_genus_species_key" ON "Species"("genus", "species");
CREATE UNIQUE INDEX "Plant_plantId_key" ON "Plant"("plantId");
CREATE INDEX "Plant_plantId_idx" ON "Plant"("plantId");
CREATE INDEX "Plant_vendorId_idx" ON "Plant"("vendorId");
CREATE INDEX "Plant_locationId_idx" ON "Plant"("locationId");
CREATE INDEX "Plant_section_idx" ON "Plant"("section");
CREATE INDEX "CareLog_plantId_idx" ON "CareLog"("plantId");
CREATE INDEX "CareLog_date_idx" ON "CareLog"("date");
CREATE INDEX "CareLog_action_idx" ON "CareLog"("action");
CREATE INDEX "FloweringCycle_plantId_idx" ON "FloweringCycle"("plantId");
CREATE INDEX "FloweringCycle_femaleStart_idx" ON "FloweringCycle"("femaleStart");
CREATE INDEX "FloweringCycle_maleStart_idx" ON "FloweringCycle"("maleStart");
CREATE INDEX "FloweringCycle_spatheEmergence_idx" ON "FloweringCycle"("spatheEmergence");
CREATE UNIQUE INDEX "Genetics_plantId_key" ON "Genetics"("plantId");
CREATE INDEX "Measurement_plantId_idx" ON "Measurement"("plantId");
CREATE INDEX "Measurement_measurementDate_idx" ON "Measurement"("measurementDate");
CREATE INDEX "Photo_plantId_idx" ON "Photo"("plantId");
CREATE INDEX "Photo_dateTaken_idx" ON "Photo"("dateTaken");
CREATE INDEX "Trait_plantId_idx" ON "Trait"("plantId");
CREATE INDEX "Trait_category_idx" ON "Trait"("category");
CREATE INDEX "Trait_observationDate_idx" ON "Trait"("observationDate");
CREATE INDEX "GrowthMetric_plantId_idx" ON "GrowthMetric"("plantId");
CREATE INDEX "GrowthMetric_date_idx" ON "GrowthMetric"("date");
COMMIT;
